datetime,Flow,Avg kph
2024-01-01 00:10,18,63
2024-01-01 00:20,19,59
2024-01-01 00:30,20,55
2024-01-01 00:40,20,51
2024-01-01 00:50,21,47
2024-01-01 01:00,22,44
2024-01-01 01:10,22,46
2024-01-01 01:20,22,49
2024-01-01 01:30,22,51
2024-01-01 01:40,22,54
2024-01-01 01:50,22,57
2024-01-01 02:00,21,60
2024-01-01 02:10,19,63
2024-01-01 02:20,18,65
2024-01-01 02:30,16,68
2024-01-01 02:40,15,71
2024-01-01 02:50,16,62
2024-01-01 03:00,18,53
2024-01-01 03:10,13,60
2024-01-01 03:20,14,59
2024-01-01 03:30,14,59
2024-01-01 03:40,15,58
2024-01-01 03:50,16,58
2024-01-01 04:00,17,57
2024-01-01 04:10,17,57
2024-01-01 04:20,18,56
2024-01-01 04:30,19,56
2024-01-01 04:40,20,55
2024-01-01 04:50,20,55
2024-01-01 05:00,21,54
2024-01-01 05:10,20,56
2024-01-01 05:20,18,58
2024-01-01 05:30,30,55
2024-01-01 05:40,42,51
2024-01-01 05:50,53,48
2024-01-01 06:00,65,45
2024-01-01 06:10,77,41
2024-01-01 06:20,89,38
2024-01-01 06:30,100,34
2024-01-01 06:40,112,31
2024-01-01 06:50,124,28
2024-01-01 07:00,136,24
2024-01-01 07:10,148,21
2024-01-01 07:20,97,10
2024-01-01 07:30,82,16
2024-01-01 07:40,66,23
2024-01-01 07:50,158,28
2024-01-01 08:00,129,31
2024-01-01 08:10,100,34
2024-01-01 08:20,71,37
2024-01-01 08:30,42,40
2024-01-01 08:40,55,34
2024-01-01 08:50,68,28
2024-01-01 09:00,81,22
2024-01-01 09:10,94,15
2024-01-01 09:20,121,14
2024-01-01 09:30,149,14
2024-01-01 09:40,176,13
2024-01-01 09:50,164,14
2024-01-01 10:00,151,16
2024-01-01 10:10,138,18
2024-01-01 10:20,126,20
2024-01-01 10:30,114,21
2024-01-01 10:40,101,23
2024-01-01 10:50,88,25
2024-01-01 11:00,76,27
2024-01-01 11:10,64,28
2024-01-01 11:20,51,30
2024-01-01 11:30,28,37
2024-01-01 11:40,37,34
2024-01-01 11:50,45,32
2024-01-01 12:00,54,29
2024-01-01 12:10,62,26
2024-01-01 12:20,71,24
2024-01-01 12:30,79,21
2024-01-01 12:40,88,19
2024-01-01 12:50,99,10
2024-01-01 13:00,94,12
2024-01-01 13:10,88,13
2024-01-01 13:20,83,15
2024-01-01 13:30,78,16
2024-01-01 13:40,68,21
2024-01-01 13:50,58,25
2024-01-01 14:00,48,29
2024-01-01 14:10,37,30
2024-01-01 14:20,67,24
2024-01-01 14:30,61,29
2024-01-01 14:40,54,34
2024-01-01 14:50,48,39
2024-01-01 15:00,53,42
2024-01-01 15:10,58,45
2024-01-01 15:20,63,47
2024-01-01 15:30,68,50
2024-01-01 15:40,73,53
2024-01-01 15:50,64,53
2024-01-01 16:00,54,54
2024-01-01 16:10,44,54
2024-01-01 16:20,35,54
2024-01-01 16:30,42,43
2024-01-01 16:40,50,32
2024-01-01 16:50,88,26
2024-01-01 17:00,126,21
2024-01-01 17:10,164,15
2024-01-01 17:20,202,10
2024-01-01 17:30,115,10
2024-01-01 17:40,120,11
2024-01-01 17:50,126,12
2024-01-01 18:00,131,13
2024-01-01 18:10,136,13
2024-01-01 18:20,142,14
2024-01-01 18:30,147,15
2024-01-01 18:40,153,15
2024-01-01 18:50,158,16
2024-01-01 19:00,163,17
2024-01-01 19:10,169,18
2024-01-01 19:20,174,18
2024-01-01 19:30,151,22
2024-01-01 19:40,127,25
2024-01-01 19:50,104,29
2024-01-01 20:00,81,32
2024-01-01 20:10,58,36
2024-01-01 20:20,34,39
2024-01-01 20:30,11,42
2024-01-01 20:40,12,45
2024-01-01 20:50,12,48
2024-01-01 21:00,12,51
2024-01-01 21:10,13,54
2024-01-01 21:20,14,57
2024-01-01 21:30,14,60
2024-01-01 21:40,18,53
2024-01-01 21:50,18,53
2024-01-01 22:00,18,53
2024-01-01 22:10,18,53
2024-01-01 22:20,18,53
2024-01-01 22:30,18,52
2024-01-01 22:40,18,53
2024-01-01 22:50,18,53
2024-01-01 23:00,18,54
2024-01-01 23:10,18,54
2024-01-01 23:20,18,54
2024-01-01 23:30,18,55
2024-01-01 23:40,18,55
2024-01-01 23:50,18,55
2024-01-02 00:00,17,56
2024-01-02 00:10,17,56
2024-01-02 00:20,17,56
2024-01-02 00:30,17,57
2024-01-02 00:40,17,57
2024-01-02 00:50,17,57
2024-01-02 01:00,17,58
2024-01-02 01:10,17,58
2024-01-02 01:20,17,58
2024-01-02 01:30,21,57
2024-01-02 01:40,20,53
2024-01-02 01:50,20,50
2024-01-02 02:00,19,47
2024-01-02 02:10,13,62
2024-01-02 02:20,13,61
2024-01-02 02:30,14,60
2024-01-02 02:40,14,59
2024-01-02 02:50,15,58
2024-01-02 03:00,15,57
2024-01-02 03:10,16,56
2024-01-02 03:20,17,53
2024-01-02 03:30,19,49
2024-01-02 03:40,17,50
2024-01-02 03:50,14,51
2024-01-02 04:00,12,52
2024-01-02 04:10,27,54
2024-01-02 04:20,23,58
2024-01-02 04:30,19,62
2024-01-02 04:40,15,66
2024-01-02 04:50,15,64
2024-01-02 05:00,15,62
2024-01-02 05:10,18,66
2024-01-02 05:20,16,66
2024-01-02 05:30,13,66
2024-01-02 05:40,11,66
2024-01-02 05:50,16,66
2024-01-02 06:00,20,66
2024-01-02 06:10,26,64
2024-01-02 06:20,32,61
2024-01-02 06:30,38,58
2024-01-02 06:40,44,55
2024-01-02 06:50,50,53
2024-01-02 07:00,56,50
2024-01-02 07:10,62,47
2024-01-02 07:20,68,45
2024-01-02 07:30,74,42
2024-01-02 07:40,80,39
2024-01-02 07:50,86,37
2024-01-02 08:00,92,34
2024-01-02 08:10,98,31
2024-01-02 08:20,104,29
2024-01-02 08:30,110,26
2024-01-02 08:40,116,23
2024-01-02 08:50,122,21
2024-01-02 09:00,128,18
2024-01-02 09:10,134,15
2024-01-02 09:20,140,13
2024-01-02 09:30,146,10
2024-01-02 09:40,140,14
2024-01-02 09:50,100,26
2024-01-02 10:00,60,38
2024-01-02 10:10,5,44
2024-01-02 10:20,10,43
2024-01-02 10:30,16,43
2024-01-02 10:40,22,42
2024-01-02 10:50,27,42
2024-01-02 11:00,65,34
2024-01-02 11:10,75,27
2024-01-02 11:20,85,20
2024-01-02 11:30,95,14
2024-01-02 11:40,91,14
2024-01-02 11:50,87,15
2024-01-02 12:00,84,16
2024-01-02 12:10,80,17
2024-01-02 12:20,76,18
2024-01-02 12:30,72,19
2024-01-02 12:40,69,20
2024-01-02 12:50,65,21
2024-01-02 13:00,61,21
2024-01-02 13:10,57,22
2024-01-02 13:20,54,23
2024-01-02 13:30,50,24
2024-01-02 13:40,46,25
2024-01-02 13:50,80,20
2024-01-02 14:00,73,24
2024-01-02 14:10,66,28
2024-01-02 14:20,60,32
2024-01-02 14:30,53,36
2024-01-02 14:40,46,40
2024-01-02 14:50,39,44
2024-01-02 15:00,32,48
2024-01-02 15:10,67,34
2024-01-02 15:20,64,35
2024-01-02 15:30,61,35
2024-01-02 15:40,58,36
2024-01-02 15:50,56,37
2024-01-02 16:00,53,38
2024-01-02 16:10,50,39
2024-01-02 16:20,55,36
2024-01-02 16:30,59,33
2024-01-02 16:40,64,30
2024-01-02 16:50,129,26
2024-01-02 17:00,194,21
2024-01-02 17:10,259,17
2024-01-02 17:20,219,18
2024-01-02 17:30,178,18
2024-01-02 17:40,138,19
2024-01-02 17:50,139,18
2024-01-02 18:00,141,17
2024-01-02 18:10,142,16
2024-01-02 18:20,144,14
2024-01-02 18:30,145,13
2024-01-02 18:40,146,12
2024-01-02 18:50,148,11
2024-01-02 19:00,149,10
2024-01-02 19:10,132,10
2024-01-02 19:20,116,11
2024-01-02 19:30,99,11
2024-01-02 19:40,129,11
2024-01-02 19:50,159,10
2024-01-02 20:00,139,17
2024-01-02 20:10,118,23
2024-01-02 20:20,98,30
2024-01-02 20:30,77,36
2024-01-02 20:40,57,43
2024-01-02 20:50,36,50
2024-01-02 21:00,16,56
2024-01-02 21:10,18,61
2024-01-02 21:20,20,65
2024-01-02 21:30,22,70
2024-01-02 21:40,20,61
2024-01-02 21:50,18,52
2024-01-02 22:00,17,71
2024-01-02 22:10,18,63
2024-01-02 22:20,19,61
2024-01-02 22:30,20,59
2024-01-02 22:40,22,57
2024-01-02 22:50,24,55
2024-01-02 23:00,14,56
2024-01-02 23:10,14,56
2024-01-02 23:20,15,56
2024-01-02 23:30,20,52
2024-01-02 23:40,26,48
2024-01-02 23:50,15,72
2024-01-03 00:00,18,69
2024-01-03 00:10,22,65
2024-01-03 00:20,21,64
2024-01-03 00:30,20,62
2024-01-03 00:40,19,61
2024-01-03 00:50,18,60
2024-01-03 01:00,19,59
2024-01-03 01:10,20,59
2024-01-03 01:20,20,59
2024-01-03 01:30,21,59
2024-01-03 01:40,22,59
2024-01-03 01:50,23,58
2024-01-03 02:00,23,58
2024-01-03 02:10,24,58
2024-01-03 02:20,25,58
2024-01-03 02:30,21,51
2024-01-03 02:40,18,44
2024-01-03 02:50,14,37
2024-01-03 03:00,15,40
2024-01-03 03:10,16,42
2024-01-03 03:20,16,45
2024-01-03 03:30,17,48
2024-01-03 03:40,18,50
2024-01-03 03:50,18,53
2024-01-03 04:00,19,56
2024-01-03 04:10,20,58
2024-01-03 04:20,20,60
2024-01-03 04:30,20,61
2024-01-03 04:40,19,62
2024-01-03 04:50,19,63
2024-01-03 05:00,19,64
2024-01-03 05:10,8,58
2024-01-03 05:20,17,61
2024-01-03 05:30,14,70
2024-01-03 05:40,15,56
2024-01-03 05:50,15,55
2024-01-03 06:00,16,55
2024-01-03 06:10,16,54
2024-01-03 06:20,17,53
2024-01-03 06:30,17,52
2024-01-03 06:40,18,51
2024-01-03 06:50,18,50
2024-01-03 07:00,26,46
2024-01-03 07:10,34,41
2024-01-03 07:20,42,37
2024-01-03 07:30,50,33
2024-01-03 07:40,59,28
2024-01-03 07:50,67,24
2024-01-03 08:00,75,19
2024-01-03 08:10,83,15
2024-01-03 08:20,91,11
2024-01-03 08:30,121,15
2024-01-03 08:40,150,19
2024-01-03 08:50,180,23
2024-01-03 09:00,107,26
2024-01-03 09:10,122,23
2024-01-03 09:20,138,20
2024-01-03 09:30,153,18
2024-01-03 09:40,168,15
2024-01-03 09:50,184,12
2024-01-03 10:00,149,16
2024-01-03 10:10,114,21
2024-01-03 10:20,79,25
2024-01-03 10:30,44,29
2024-01-03 10:40,55,31
2024-01-03 10:50,65,33
2024-01-03 11:00,76,35
2024-01-03 11:10,65,18
2024-01-03 11:20,100,13
2024-01-03 11:30,100,14
2024-01-03 11:40,101,14
2024-01-03 11:50,101,14
2024-01-03 12:00,102,15
2024-01-03 12:10,102,15
2024-01-03 12:20,103,15
2024-01-03 12:30,103,16
2024-01-03 12:40,104,16
2024-01-03 12:50,104,16
2024-01-03 13:00,86,23
2024-01-03 13:10,69,30
2024-01-03 13:20,51,37
2024-01-03 13:30,72,24
2024-01-03 13:40,94,10
2024-01-03 13:50,58,40
2024-01-03 14:00,61,37
2024-01-03 14:10,65,33
2024-01-03 14:20,69,30
2024-01-03 14:30,73,27
2024-01-03 14:40,77,23
2024-01-03 14:50,67,27
2024-01-03 15:00,58,32
2024-01-03 15:10,48,36
2024-01-03 15:20,38,40
2024-01-03 15:30,42,37
2024-01-03 15:40,46,35
2024-01-03 15:50,51,32
2024-01-03 16:00,55,30
2024-01-03 16:10,59,27
2024-01-03 16:20,101,12
2024-01-03 16:30,104,13
2024-01-03 16:40,108,14
2024-01-03 16:50,111,14
2024-01-03 17:00,115,15
2024-01-03 17:10,118,16
2024-01-03 17:20,122,17
2024-01-03 17:30,125,18
2024-01-03 17:40,129,19
2024-01-03 17:50,132,19
2024-01-03 18:00,178,16
2024-01-03 18:10,154,10
2024-01-03 18:20,172,10
2024-01-03 18:30,190,10
2024-01-03 18:40,209,10
2024-01-03 18:50,227,10
2024-01-03 19:00,205,10
2024-01-03 19:10,183,10
2024-01-03 19:20,161,10
2024-01-03 19:30,139,10
2024-01-03 19:40,117,10
2024-01-03 19:50,137,18
2024-01-03 20:00,130,21
2024-01-03 20:10,122,24
2024-01-03 20:20,115,27
2024-01-03 20:30,108,29
2024-01-03 20:40,100,32
2024-01-03 20:50,93,35
2024-01-03 21:00,85,38
2024-01-03 21:10,78,41
2024-01-03 21:20,71,44
2024-01-03 21:30,63,46
2024-01-03 21:40,56,49
2024-01-03 21:50,48,52
2024-01-03 22:00,41,55
2024-01-03 22:10,34,58
2024-01-03 22:20,26,61
2024-01-03 22:30,19,64
2024-01-03 22:40,20,62
2024-01-03 22:50,21,60
2024-01-03 23:00,23,59
2024-01-03 23:10,24,57
2024-01-03 23:20,25,56
2024-01-03 23:30,26,54
2024-01-03 23:40,27,53
2024-01-03 23:50,29,51
2024-01-04 00:00,30,50
2024-01-04 00:10,31,48
2024-01-04 00:20,29,50
2024-01-04 00:30,26,52
2024-01-04 00:40,24,54
2024-01-04 00:50,22,56
2024-01-04 01:00,19,58
2024-01-04 01:10,17,60
2024-01-04 01:20,18,64
2024-01-04 01:30,19,68
2024-01-04 01:40,28,52
2024-01-04 01:50,27,53
2024-01-04 02:00,26,53
2024-01-04 02:10,24,54
2024-01-04 02:20,23,55
2024-01-04 02:30,22,55
2024-01-04 02:40,20,56
2024-01-04 02:50,19,56
2024-01-04 03:00,18,57
2024-01-04 03:10,18,57
2024-01-04 03:20,18,57
2024-01-04 03:30,18,57
2024-01-04 03:40,18,57
2024-01-04 03:50,18,57
2024-01-04 04:00,18,57
2024-01-04 04:10,18,57
2024-01-04 04:20,18,57
2024-01-04 04:30,18,57
2024-01-04 04:40,18,57
2024-01-04 04:50,18,57
2024-01-04 05:00,18,58
2024-01-04 05:10,18,58
2024-01-04 05:20,18,58
2024-01-04 05:30,18,58
2024-01-04 05:40,18,58
2024-01-04 05:50,18,58
2024-01-04 06:00,19,51
2024-01-04 06:10,23,48
2024-01-04 06:20,18,54
2024-01-04 06:30,12,61
2024-01-04 06:40,15,52
2024-01-04 06:50,36,49
2024-01-04 07:00,57,45
2024-01-04 07:10,78,41
2024-01-04 07:20,99,37
2024-01-04 07:30,119,34
2024-01-04 07:40,140,30
2024-01-04 07:50,161,26
2024-01-04 08:00,182,23
2024-01-04 08:10,203,19
2024-01-04 08:20,188,18
2024-01-04 08:30,174,18
2024-01-04 08:40,159,17
2024-01-04 08:50,145,17
2024-01-04 09:00,130,16
2024-01-04 09:10,136,17
2024-01-04 09:20,142,18
2024-01-04 09:30,147,19
2024-01-04 09:40,153,19
2024-01-04 09:50,108,30
2024-01-04 10:00,64,40
2024-01-04 10:10,55,45
2024-01-04 10:20,46,49
2024-01-04 10:30,37,53
2024-01-04 10:40,41,50
2024-01-04 10:50,45,48
2024-01-04 11:00,48,45
2024-01-04 11:10,52,43
2024-01-04 11:20,56,40
2024-01-04 11:30,60,37
2024-01-04 11:40,63,35
2024-01-04 11:50,67,32
2024-01-04 12:00,71,30
2024-01-04 12:10,64,26
2024-01-04 12:20,62,28
2024-01-04 12:30,61,30
2024-01-04 12:40,59,31
2024-01-04 12:50,58,33
2024-01-04 13:00,56,35
2024-01-04 13:10,54,37
2024-01-04 13:20,53,39
2024-01-04 13:30,51,41
2024-01-04 13:40,50,43
2024-01-04 13:50,48,45
2024-01-04 14:00,47,47
2024-01-04 14:10,45,48
2024-01-04 14:20,45,46
2024-01-04 14:30,45,43
2024-01-04 14:40,41,43
2024-01-04 14:50,37,43
2024-01-04 15:00,34,42
2024-01-04 15:10,30,42
2024-01-04 15:20,26,42
2024-01-04 15:30,25,43
2024-01-04 15:40,25,44
2024-01-04 15:50,24,46
2024-01-04 16:00,24,47
2024-01-04 16:10,23,48
2024-01-04 16:20,23,50
2024-01-04 16:30,22,51
2024-01-04 16:40,34,43
2024-01-04 16:50,47,36
2024-01-04 17:00,64,32
2024-01-04 17:10,80,29
2024-01-04 17:20,97,26
2024-01-04 17:30,114,23
2024-01-04 17:40,131,20
2024-01-04 17:50,148,16
2024-01-04 18:00,164,13
2024-01-04 18:10,181,10
2024-01-04 18:20,106,16
2024-01-04 18:30,102,18
2024-01-04 18:40,99,19
2024-01-04 18:50,95,21
2024-01-04 19:00,92,23
2024-01-04 19:10,88,25
2024-01-04 19:20,85,27
2024-01-04 19:30,81,29
2024-01-04 19:40,78,31
2024-01-04 19:50,74,33
2024-01-04 20:00,71,35
2024-01-04 20:10,67,36
2024-01-04 20:20,64,38
2024-01-04 20:30,60,40
2024-01-04 20:40,56,42
2024-01-04 20:50,53,44
2024-01-04 21:00,49,46
2024-01-04 21:10,46,48
2024-01-04 21:20,42,50
2024-01-04 21:30,39,52
2024-01-04 21:40,35,54
2024-01-04 21:50,32,56
2024-01-04 22:00,28,57
2024-01-04 22:10,25,59
2024-01-04 22:20,21,61
2024-01-04 22:30,18,62
2024-01-04 22:40,16,63
2024-01-04 22:50,17,61
2024-01-04 23:00,18,60
2024-01-04 23:10,20,58
2024-01-04 23:20,21,56
2024-01-04 23:30,22,55
2024-01-04 23:40,23,53
2024-01-04 23:50,20,58
2024-01-05 00:00,17,63
2024-01-05 00:10,14,68
2024-01-05 00:20,16,66
2024-01-05 00:30,17,64
2024-01-05 00:40,19,63
2024-01-05 00:50,20,61
2024-01-05 01:00,22,59
2024-01-05 01:10,23,57
2024-01-05 01:20,25,55
2024-01-05 01:30,19,53
2024-01-05 01:40,17,58
2024-01-05 01:50,15,62
2024-01-05 02:00,13,67
2024-01-05 02:10,13,65
2024-01-05 02:20,13,63
2024-01-05 02:30,13,61
2024-01-05 02:40,13,59
2024-01-05 02:50,13,57
2024-01-05 03:00,13,55
2024-01-05 03:10,13,53
2024-01-05 03:20,14,56
2024-01-05 03:30,15,59
2024-01-05 03:40,16,62
2024-01-05 03:50,17,65
2024-01-05 04:00,14,66
2024-01-05 04:10,12,68
2024-01-05 04:20,14,67
2024-01-05 04:30,16,67
2024-01-05 04:40,22,54
2024-01-05 04:50,29,42
2024-01-05 05:00,27,43
2024-01-05 05:10,26,44
2024-01-05 05:20,24,44
2024-01-05 05:30,23,45
2024-01-05 05:40,21,46
2024-01-05 05:50,20,47
2024-01-05 06:00,18,48
2024-01-05 06:10,17,49
2024-01-05 06:20,15,50
2024-01-05 06:30,14,50
2024-01-05 06:40,12,51
2024-01-05 06:50,19,57
2024-01-05 07:00,50,47
2024-01-05 07:10,82,37
2024-01-05 07:20,114,27
2024-01-05 07:30,145,18
2024-01-05 07:40,141,19
2024-01-05 07:50,137,20
2024-01-05 08:00,133,21
2024-01-05 08:10,129,22
2024-01-05 08:20,138,10
2024-01-05 08:30,186,14
2024-01-05 08:40,178,15
2024-01-05 08:50,169,16
2024-01-05 09:00,161,17
2024-01-05 09:10,152,17
2024-01-05 09:20,144,18
2024-01-05 09:30,136,19
2024-01-05 09:40,127,20
2024-01-05 09:50,119,20
2024-01-05 10:00,111,21
2024-01-05 10:10,102,22
2024-01-05 10:20,94,23
2024-01-05 10:30,86,23
2024-01-05 10:40,77,24
2024-01-05 10:50,69,25
2024-01-05 11:00,60,25
2024-01-05 11:10,52,26
2024-01-05 11:20,54,27
2024-01-05 11:30,56,28
2024-01-05 11:40,57,29
2024-01-05 11:50,59,30
2024-01-05 12:00,61,31
2024-01-05 12:10,62,32
2024-01-05 12:20,64,32
2024-01-05 12:30,66,33
2024-01-05 12:40,77,33
2024-01-05 12:50,87,33
2024-01-05 13:00,98,34
2024-01-05 13:10,91,32
2024-01-05 13:20,84,31
2024-01-05 13:30,76,30
2024-01-05 13:40,69,29
2024-01-05 13:50,66,30
2024-01-05 14:00,62,32
2024-01-05 14:10,58,34
2024-01-05 14:20,55,35
2024-01-05 14:30,52,37
2024-01-05 14:40,48,39
2024-01-05 14:50,41,27
2024-01-05 15:00,43,31
2024-01-05 15:10,44,34
2024-01-05 15:20,46,37
2024-01-05 15:30,48,40
2024-01-05 15:40,42,38
2024-01-05 15:50,36,35
2024-01-05 16:00,30,32
2024-01-05 16:10,43,29
2024-01-05 16:20,56,25
2024-01-05 16:30,70,21
2024-01-05 16:40,83,17
2024-01-05 16:50,96,14
2024-01-05 17:00,109,10
2024-01-05 17:10,179,10
2024-01-05 17:20,207,10
2024-01-05 17:30,235,11
2024-01-05 17:40,263,11
2024-01-05 17:50,227,12
2024-01-05 18:00,192,12
2024-01-05 18:10,156,13
2024-01-05 18:20,120,14
2024-01-05 18:30,85,14
2024-01-05 18:40,49,15
2024-01-05 18:50,204,10
2024-01-05 19:00,155,10
2024-01-05 19:10,152,16
2024-01-05 19:20,173,13
2024-01-05 19:30,193,10
2024-01-05 19:40,151,19
2024-01-05 19:50,116,31
2024-01-05 20:00,81,44
2024-01-05 20:10,46,57
2024-01-05 20:20,11,69
2024-01-05 20:30,14,52
2024-01-05 20:40,21,46
2024-01-05 20:50,27,40
2024-01-05 21:00,34,34
2024-01-05 21:10,34,35
2024-01-05 21:20,33,36
2024-01-05 21:30,33,37
2024-01-05 21:40,33,38
2024-01-05 21:50,32,38
2024-01-05 22:00,32,39
2024-01-05 22:10,32,40
2024-01-05 22:20,31,41
2024-01-05 22:30,31,42
2024-01-05 22:40,31,43
2024-01-05 22:50,30,44
2024-01-05 23:00,30,44
2024-01-05 23:10,30,45
2024-01-05 23:20,29,46
2024-01-05 23:30,29,47
2024-01-05 23:40,15,53
2024-01-05 23:50,15,54
2024-01-06 00:00,15,54
2024-01-06 00:10,14,53
2024-01-06 00:20,13,52
2024-01-06 00:30,13,50
2024-01-06 00:40,12,49
2024-01-06 00:50,11,48
2024-01-06 01:00,10,49
2024-01-06 01:10,10,50
2024-01-06 01:20,10,51
2024-01-06 01:30,9,52
2024-01-06 01:40,9,60
2024-01-06 01:50,9,67
2024-01-06 02:00,12,61
2024-01-06 02:10,15,56
2024-01-06 02:20,15,57
2024-01-06 02:30,15,57
2024-01-06 02:40,15,58
2024-01-06 02:50,14,57
2024-01-06 03:00,13,57
2024-01-06 03:10,12,57
2024-01-06 03:20,10,56
2024-01-06 03:30,9,56
2024-01-06 03:40,8,56
2024-01-06 03:50,7,55
2024-01-06 04:00,8,56
2024-01-06 04:10,10,57
2024-01-06 04:20,11,58
2024-01-06 04:30,12,59
2024-01-06 04:40,14,60
2024-01-06 04:50,15,61
2024-01-06 05:00,15,63
2024-01-06 05:10,15,65
2024-01-06 05:20,14,67
2024-01-06 05:30,14,68
2024-01-06 05:40,14,70
2024-01-06 05:50,14,72
2024-01-06 06:00,16,66
2024-01-06 06:10,18,60
2024-01-06 06:20,19,53
2024-01-06 06:30,21,47
2024-01-06 06:40,23,41
2024-01-06 06:50,25,34
2024-01-06 07:00,26,28
2024-01-06 07:10,31,29
2024-01-06 07:20,29,32
2024-01-06 07:30,26,35
2024-01-06 07:40,24,38
2024-01-06 07:50,26,36
2024-01-06 08:00,29,34
2024-01-06 08:10,31,32
2024-01-06 08:20,34,30
2024-01-06 08:30,36,28
2024-01-06 08:40,39,26
2024-01-06 08:50,41,24
2024-01-06 09:00,50,20
2024-01-06 09:10,58,16
2024-01-06 09:20,50,16
2024-01-06 09:30,41,16
2024-01-06 09:40,33,16
2024-01-06 09:50,34,22
2024-01-06 10:00,36,28
2024-01-06 10:10,37,34
2024-01-06 10:20,38,35
2024-01-06 10:30,38,36
2024-01-06 10:40,39,37
2024-01-06 10:50,39,38
2024-01-06 11:00,40,39
2024-01-06 11:10,41,40
2024-01-06 11:20,41,41
2024-01-06 11:30,42,42
2024-01-06 11:40,43,43
2024-01-06 11:50,43,44
2024-01-06 12:00,44,45
2024-01-06 12:10,44,46
2024-01-06 12:20,45,47
2024-01-06 12:30,44,42
2024-01-06 12:40,44,38
2024-01-06 12:50,43,33
2024-01-06 13:00,42,35
2024-01-06 13:10,41,37
2024-01-06 13:20,40,39
2024-01-06 13:30,39,41
2024-01-06 13:40,38,42
2024-01-06 13:50,37,44
2024-01-06 14:00,36,46
2024-01-06 14:10,35,48
2024-01-06 14:20,38,46
2024-01-06 14:30,40,43
2024-01-06 14:40,43,41
2024-01-06 14:50,42,39
2024-01-06 15:00,40,37
2024-01-06 15:10,39,35
2024-01-06 15:20,37,34
2024-01-06 15:30,36,32
2024-01-06 15:40,34,30
2024-01-06 15:50,33,28
2024-01-06 16:00,34,34
2024-01-06 16:10,35,39
2024-01-06 16:20,35,45
2024-01-06 16:30,36,50
2024-01-06 16:40,37,56
2024-01-06 16:50,41,52
2024-01-06 17:00,45,48
2024-01-06 17:10,50,44
2024-01-06 17:20,54,40
2024-01-06 17:30,58,36
2024-01-06 17:40,62,32
2024-01-06 17:50,67,28
2024-01-06 18:00,71,25
2024-01-06 18:10,75,21
2024-01-06 18:20,82,17
2024-01-06 18:30,90,14
2024-01-06 18:40,97,10
2024-01-06 18:50,97,10
2024-01-06 19:00,98,10
2024-01-06 19:10,98,10
2024-01-06 19:20,98,10
2024-01-06 19:30,83,10
2024-01-06 19:40,69,10
2024-01-06 19:50,54,10
2024-01-06 20:00,33,32
2024-01-06 20:10,12,54
2024-01-06 20:20,12,54
2024-01-06 20:30,12,55
2024-01-06 20:40,12,55
2024-01-06 20:50,12,55
2024-01-06 21:00,11,57
2024-01-06 21:10,9,59
2024-01-06 21:20,8,61
2024-01-06 21:30,8,62
2024-01-06 21:40,9,61
2024-01-06 21:50,9,60
2024-01-06 22:00,9,59
2024-01-06 22:10,9,58
2024-01-06 22:20,9,57
2024-01-06 22:30,10,56
2024-01-06 22:40,10,55
2024-01-06 22:50,10,54
2024-01-06 23:00,10,54
2024-01-06 23:10,10,55
2024-01-06 23:20,9,56
2024-01-06 23:30,10,55
2024-01-06 23:40,11,55
2024-01-06 23:50,12,54
2024-01-07 00:00,13,54
2024-01-07 00:10,13,55
2024-01-07 00:20,13,57
2024-01-07 00:30,13,59
2024-01-07 00:40,13,61
2024-01-07 00:50,13,62
2024-01-07 01:00,13,64
2024-01-07 01:10,13,66
2024-01-07 01:20,13,70
2024-01-07 01:30,12,74
2024-01-07 01:40,12,78
2024-01-07 01:50,10,70
2024-01-07 02:00,8,62
2024-01-07 02:10,10,67
2024-01-07 02:20,11,72
2024-01-07 02:30,12,76
2024-01-07 02:40,13,71
2024-01-07 02:50,13,67
2024-01-07 03:00,14,62
2024-01-07 03:10,14,57
2024-01-07 03:20,15,52
2024-01-07 03:30,14,54
2024-01-07 03:40,13,55
2024-01-07 03:50,12,57
2024-01-07 04:00,11,58
2024-01-07 04:10,10,60
2024-01-07 04:20,9,62
2024-01-07 04:30,9,61
2024-01-07 04:40,10,60
2024-01-07 04:50,10,59
2024-01-07 05:00,10,58
2024-01-07 05:10,10,57
2024-01-07 05:20,11,56
2024-01-07 05:30,11,55
2024-01-07 05:40,10,55
2024-01-07 05:50,8,55
2024-01-07 06:00,6,56
2024-01-07 06:10,5,56
2024-01-07 06:20,12,54
2024-01-07 06:30,18,53
2024-01-07 06:40,21,50
2024-01-07 06:50,24,46
2024-01-07 07:00,27,43
2024-01-07 07:10,30,40
2024-01-07 07:20,33,36
2024-01-07 07:30,36,33
2024-01-07 07:40,36,34
2024-01-07 07:50,36,35
2024-01-07 08:00,36,36
2024-01-07 08:10,36,37
2024-01-07 08:20,36,38
2024-01-07 08:30,36,39
2024-01-07 08:40,36,40
2024-01-07 08:50,36,41
2024-01-07 09:00,36,42
2024-01-07 09:10,36,43
2024-01-07 09:20,36,44
2024-01-07 09:30,36,45
2024-01-07 09:40,36,46
2024-01-07 09:50,35,47
2024-01-07 10:00,35,48
2024-01-07 10:10,35,49
2024-01-07 10:20,35,50
2024-01-07 10:30,35,51
2024-01-07 10:40,35,52
2024-01-07 10:50,35,53
2024-01-07 11:00,38,49
2024-01-07 11:10,42,45
2024-01-07 11:20,45,40
2024-01-07 11:30,48,36
2024-01-07 11:40,52,32
2024-01-07 11:50,55,28
2024-01-07 12:00,58,24
2024-01-07 12:10,62,19
2024-01-07 12:20,65,15
2024-01-07 12:30,46,31
2024-01-07 12:40,28,47
2024-01-07 12:50,36,42
2024-01-07 13:00,44,38
2024-01-07 13:10,52,34
2024-01-07 13:20,59,29
2024-01-07 13:30,67,25
2024-01-07 13:40,75,20
2024-01-07 13:50,61,27
2024-01-07 14:00,48,33
2024-01-07 14:10,34,39
2024-01-07 14:20,41,36
2024-01-07 14:30,39,42
2024-01-07 14:40,40,40
2024-01-07 14:50,40,39
2024-01-07 15:00,41,38
2024-01-07 15:10,42,36
2024-01-07 15:20,42,35
2024-01-07 15:30,43,34
2024-01-07 15:40,39,36
2024-01-07 15:50,35,38
2024-01-07 16:00,31,41
2024-01-07 16:10,27,43
2024-01-07 16:20,23,45
2024-01-07 16:30,19,48
2024-01-07 16:40,27,43
2024-01-07 16:50,35,39
2024-01-07 17:00,43,34
2024-01-07 17:10,52,29
2024-01-07 17:20,60,25
2024-01-07 17:30,68,20
2024-01-07 17:40,76,15
2024-01-07 17:50,74,17
2024-01-07 18:00,72,20
2024-01-07 18:10,71,22
2024-01-07 18:20,69,24
2024-01-07 18:30,74,22
2024-01-07 18:40,80,20
2024-01-07 18:50,86,18
2024-01-07 19:00,91,16
2024-01-07 19:10,96,14
2024-01-07 19:20,93,15
2024-01-07 19:30,90,17
2024-01-07 19:40,87,18
2024-01-07 19:50,84,20
2024-01-07 20:00,12,68
2024-01-07 20:10,11,68
2024-01-07 20:20,11,67
2024-01-07 20:30,10,67
2024-01-07 20:40,10,66
2024-01-07 20:50,9,66
2024-01-07 21:00,8,66
2024-01-07 21:10,8,65
2024-01-07 21:20,7,65
2024-01-07 21:30,7,65
2024-01-07 21:40,6,64
2024-01-07 21:50,6,64
2024-01-07 22:00,5,64
2024-01-07 22:10,6,60
2024-01-07 22:20,7,57
2024-01-07 22:30,8,54
2024-01-07 22:40,8,51
2024-01-07 22:50,9,48
2024-01-07 23:00,10,44
2024-01-07 23:10,11,46
2024-01-07 23:20,11,48
2024-01-07 23:30,12,50
2024-01-07 23:40,18,51
2024-01-07 23:50,23,52
2024-01-08 00:00,29,53
2024-01-08 00:10,26,54
2024-01-08 00:20,24,55
2024-01-08 00:30,21,56
2024-01-08 00:40,18,57
2024-01-08 00:50,18,58
2024-01-08 01:00,15,56
2024-01-08 01:10,12,53
2024-01-08 01:20,8,51
2024-01-08 01:30,10,51
2024-01-08 01:40,12,52
2024-01-08 01:50,14,52
2024-01-08 02:00,16,53
2024-01-08 02:10,15,56
2024-01-08 02:20,14,60
2024-01-08 02:30,13,63
2024-01-08 02:40,13,63
2024-01-08 02:50,13,62
2024-01-08 03:00,14,61
2024-01-08 03:10,14,60
2024-01-08 03:20,14,59
2024-01-08 03:30,14,59
2024-01-08 03:40,14,58
2024-01-08 03:50,14,57
2024-01-08 04:00,14,56
2024-01-08 04:10,15,55
2024-01-08 04:20,15,55
2024-01-08 04:30,15,54
2024-01-08 04:40,15,53
2024-01-08 04:50,15,52
2024-01-08 05:00,16,51
2024-01-08 05:10,16,51
2024-01-08 05:20,16,50
2024-01-08 05:30,16,49
2024-01-08 05:40,9,66
2024-01-08 05:50,13,58
2024-01-08 06:00,16,56
2024-01-08 06:10,19,54
2024-01-08 06:20,45,46
2024-01-08 06:30,71,37
2024-01-08 06:40,96,28
2024-01-08 06:50,122,19
2024-01-08 07:00,148,10
2024-01-08 07:10,146,16
2024-01-08 07:20,144,22
2024-01-08 07:30,89,30
2024-01-08 07:40,34,37
2024-01-08 07:50,48,35
2024-01-08 08:00,63,32
2024-01-08 08:10,77,30
2024-01-08 08:20,91,27
2024-01-08 08:30,105,25
2024-01-08 08:40,120,22
2024-01-08 08:50,134,20
2024-01-08 09:00,148,17
2024-01-08 09:10,162,15
2024-01-08 09:20,177,12
2024-01-08 09:30,191,10
2024-01-08 09:40,160,16
2024-01-08 09:50,129,22
2024-01-08 10:00,99,28
2024-01-08 10:10,68,34
2024-01-08 10:20,37,40
2024-01-08 10:30,61,22
2024-01-08 10:40,78,23
2024-01-08 10:50,94,24
2024-01-08 11:00,111,25
2024-01-08 11:10,128,26
2024-01-08 11:20,117,24
2024-01-08 11:30,106,22
2024-01-08 11:40,95,20
2024-01-08 11:50,84,18
2024-01-08 12:00,73,16
2024-01-08 12:10,71,17
2024-01-08 12:20,69,18
2024-01-08 12:30,67,20
2024-01-08 12:40,65,21
2024-01-08 12:50,63,22
2024-01-08 13:00,61,23
2024-01-08 13:10,60,24
2024-01-08 13:20,58,25
2024-01-08 13:30,56,27
2024-01-08 13:40,54,28
2024-01-08 13:50,52,29
2024-01-08 14:00,50,30
2024-01-08 14:10,48,31
2024-01-08 14:20,46,32
2024-01-08 14:30,55,32
2024-01-08 14:40,64,32
2024-01-08 14:50,73,32
2024-01-08 15:00,82,31
2024-01-08 15:10,91,31
2024-01-08 15:20,100,31
2024-01-08 15:30,109,30
2024-01-08 15:40,118,30
2024-01-08 15:50,128,30
2024-01-08 16:00,137,30
2024-01-08 16:10,146,29
2024-01-08 16:20,155,29
2024-01-08 16:30,164,29
2024-01-08 16:40,173,29
2024-01-08 16:50,182,28
2024-01-08 17:00,191,28
2024-01-08 17:10,200,28
2024-01-08 17:20,209,28
2024-01-08 17:30,174,20
2024-01-08 17:40,139,12
2024-01-08 17:50,221,10
2024-01-08 18:00,125,12
2024-01-08 18:10,117,16
2024-01-08 18:20,108,19
2024-01-08 18:30,100,23
2024-01-08 18:40,91,26
2024-01-08 18:50,83,30
2024-01-08 19:00,74,33
2024-01-08 19:10,66,37
2024-01-08 19:20,57,41
2024-01-08 19:30,49,44
2024-01-08 19:40,40,48
2024-01-08 19:50,32,51
2024-01-08 20:00,23,55
2024-01-08 20:10,15,58
2024-01-08 20:20,15,58
2024-01-08 20:30,16,59
2024-01-08 20:40,16,59
2024-01-08 20:50,16,59
2024-01-08 21:00,16,59
2024-01-08 21:10,17,59
2024-01-08 21:20,17,60
2024-01-08 21:30,17,60
2024-01-08 21:40,18,60
2024-01-08 21:50,18,60
2024-01-08 22:00,19,54
2024-01-08 22:10,20,48
2024-01-08 22:20,21,51
2024-01-08 22:30,22,55
2024-01-08 22:40,23,59
2024-01-08 22:50,24,62
2024-01-08 23:00,23,62
2024-01-08 23:10,23,61
2024-01-08 23:20,22,61
2024-01-08 23:30,21,60
2024-01-08 23:40,21,60
2024-01-08 23:50,20,59
2024-01-09 00:00,19,58
2024-01-09 00:10,19,58
2024-01-09 00:20,18,57
2024-01-09 00:30,17,57
2024-01-09 00:40,17,56
2024-01-09 00:50,16,56
2024-01-09 01:00,18,55
2024-01-09 01:10,21,54
2024-01-09 01:20,24,54
2024-01-09 01:30,26,53
2024-01-09 01:40,25,56
2024-01-09 01:50,24,58
2024-01-09 02:00,23,60
2024-01-09 02:10,21,62
2024-01-09 02:20,20,64
2024-01-09 02:30,19,66
2024-01-09 02:40,18,68
2024-01-09 02:50,19,65
2024-01-09 03:00,20,61
2024-01-09 03:10,22,58
2024-01-09 03:20,23,54
2024-01-09 03:30,22,53
2024-01-09 03:40,21,51
2024-01-09 03:50,21,54
2024-01-09 04:00,21,56
2024-01-09 04:10,22,58
2024-01-09 04:20,22,60
2024-01-09 04:30,22,62
2024-01-09 04:40,22,60
2024-01-09 04:50,22,61
2024-01-09 05:00,22,62
2024-01-09 05:10,22,62
2024-01-09 05:20,21,63
2024-01-09 05:30,21,64
2024-01-09 05:40,21,64
2024-01-09 05:50,21,50
2024-01-09 06:00,20,55
2024-01-09 06:10,18,60
2024-01-09 06:20,16,65
2024-01-09 06:30,15,70
2024-01-09 06:40,39,63
2024-01-09 06:50,64,56
2024-01-09 07:00,88,49
2024-01-09 07:10,112,42
2024-01-09 07:20,136,35
2024-01-09 07:30,161,28
2024-01-09 07:40,185,21
2024-01-09 07:50,182,19
2024-01-09 08:00,179,17
2024-01-09 08:10,176,15
2024-01-09 08:20,172,14
2024-01-09 08:30,169,12
2024-01-09 08:40,166,10
2024-01-09 08:50,151,13
2024-01-09 09:00,135,16
2024-01-09 09:10,120,19
2024-01-09 09:20,105,22
2024-01-09 09:30,89,25
2024-01-09 09:40,74,28
2024-01-09 09:50,59,31
2024-01-09 10:00,43,34
2024-01-09 10:10,28,38
2024-01-09 10:20,34,35
2024-01-09 10:30,41,33
2024-01-09 10:40,47,31
2024-01-09 10:50,54,29
2024-01-09 11:00,60,27
2024-01-09 11:10,67,25
2024-01-09 11:20,73,23
2024-01-09 11:30,77,19
2024-01-09 11:40,71,22
2024-01-09 11:50,66,26
2024-01-09 12:00,60,29
2024-01-09 12:10,55,33
2024-01-09 12:20,49,36
2024-01-09 12:30,44,40
2024-01-09 12:40,45,40
2024-01-09 12:50,46,41
2024-01-09 13:00,48,41
2024-01-09 13:10,49,41
2024-01-09 13:20,50,42
2024-01-09 13:30,52,42
2024-01-09 13:40,53,42
2024-01-09 13:50,54,42
2024-01-09 14:00,56,43
2024-01-09 14:10,57,43
2024-01-09 14:20,59,43
2024-01-09 14:30,60,44
2024-01-09 14:40,58,43
2024-01-09 14:50,56,41
2024-01-09 15:00,54,40
2024-01-09 15:10,52,39
2024-01-09 15:20,50,38
2024-01-09 15:30,48,37
2024-01-09 15:40,46,36
2024-01-09 15:50,44,34
2024-01-09 16:00,50,33
2024-01-09 16:10,55,31
2024-01-09 16:20,50,37
2024-01-09 16:30,44,42
2024-01-09 16:40,54,39
2024-01-09 16:50,64,36
2024-01-09 17:00,74,33
2024-01-09 17:10,85,30
2024-01-09 17:20,95,27
2024-01-09 17:30,105,24
2024-01-09 17:40,128,20
2024-01-09 17:50,152,16
2024-01-09 18:00,175,12
2024-01-09 18:10,161,14
2024-01-09 18:20,147,16
2024-01-09 18:30,133,17
2024-01-09 18:40,119,19
2024-01-09 18:50,105,21
2024-01-09 19:00,91,23
2024-01-09 19:10,81,28
2024-01-09 19:20,71,33
2024-01-09 19:30,61,38
2024-01-09 19:40,51,43
2024-01-09 19:50,41,48
2024-01-09 20:00,31,53
2024-01-09 20:10,21,58
2024-01-09 20:20,11,63
2024-01-09 20:30,13,63
2024-01-09 20:40,15,63
2024-01-09 20:50,18,63
2024-01-09 21:00,18,58
2024-01-09 21:10,18,53
2024-01-09 21:20,18,49
2024-01-09 21:30,13,58
2024-01-09 21:40,14,57
2024-01-09 21:50,15,56
2024-01-09 22:00,16,55
2024-01-09 22:10,17,55
2024-01-09 22:20,18,54
2024-01-09 22:30,19,53
2024-01-09 22:40,20,52
2024-01-09 22:50,20,54
2024-01-09 23:00,19,56
2024-01-09 23:10,18,58
2024-01-09 23:20,18,60
2024-01-09 23:30,18,63
2024-01-09 23:40,17,65
2024-01-09 23:50,16,67
2024-01-10 00:00,16,69
2024-01-10 00:10,15,66
2024-01-10 00:20,19,59
2024-01-10 00:30,23,51
2024-01-10 00:40,23,49
2024-01-10 00:50,23,46
2024-01-10 01:00,22,44
2024-01-10 01:10,22,42
2024-01-10 01:20,22,39
2024-01-10 01:30,22,37
2024-01-10 01:40,21,43
2024-01-10 01:50,21,48
2024-01-10 02:00,20,54
2024-01-10 02:10,20,60
2024-01-10 02:20,19,65
2024-01-10 02:30,26,52
2024-01-10 02:40,20,56
2024-01-10 02:50,14,59
2024-01-10 03:00,16,66
2024-01-10 03:10,18,74
2024-01-10 03:20,17,52
2024-01-10 03:30,18,49
2024-01-10 03:40,18,46
2024-01-10 03:50,19,47
2024-01-10 04:00,19,47
2024-01-10 04:10,20,48
2024-01-10 04:20,21,49
2024-01-10 04:30,21,50
2024-01-10 04:40,22,51
2024-01-10 04:50,19,71
2024-01-10 05:00,19,71
2024-01-10 05:10,18,71
2024-01-10 05:20,18,72
2024-01-10 05:30,18,72
2024-01-10 05:40,17,70
2024-01-10 05:50,16,68
2024-01-10 06:00,16,66
2024-01-10 06:10,15,64
2024-01-10 06:20,14,62
2024-01-10 06:30,13,60
2024-01-10 06:40,19,55
2024-01-10 06:50,49,46
2024-01-10 07:00,78,37
2024-01-10 07:10,108,28
2024-01-10 07:20,137,19
2024-01-10 07:30,167,10
2024-01-10 07:40,164,10
2024-01-10 07:50,160,10
2024-01-10 08:00,157,10
2024-01-10 08:10,154,19
2024-01-10 08:20,152,27
2024-01-10 08:30,147,28
2024-01-10 08:40,142,29
2024-01-10 08:50,137,29
2024-01-10 09:00,132,30
2024-01-10 09:10,127,30
2024-01-10 09:20,122,31
2024-01-10 09:30,117,32
2024-01-10 09:40,112,32
2024-01-10 09:50,106,33
2024-01-10 10:00,101,34
2024-01-10 10:10,96,34
2024-01-10 10:20,91,35
2024-01-10 10:30,86,35
2024-01-10 10:40,81,36
2024-01-10 10:50,76,37
2024-01-10 11:00,71,37
2024-01-10 11:10,66,38
2024-01-10 11:20,61,39
2024-01-10 11:30,61,38
2024-01-10 11:40,61,38
2024-01-10 11:50,61,37
2024-01-10 12:00,61,37
2024-01-10 12:10,61,36
2024-01-10 12:20,61,36
2024-01-10 12:30,61,35
2024-01-10 12:40,70,32
2024-01-10 12:50,78,29
2024-01-10 13:00,86,25
2024-01-10 13:10,85,26
2024-01-10 13:20,84,26
2024-01-10 13:30,82,26
2024-01-10 13:40,80,26
2024-01-10 13:50,79,26
2024-01-10 14:00,78,26
2024-01-10 14:10,76,26
2024-01-10 14:20,74,26
2024-01-10 14:30,73,26
2024-01-10 14:40,72,26
2024-01-10 14:50,70,27
2024-01-10 15:00,68,27
2024-01-10 15:10,67,27
2024-01-10 15:20,66,27
2024-01-10 15:30,65,27
2024-01-10 15:40,64,28
2024-01-10 15:50,64,28
2024-01-10 16:00,63,28
2024-01-10 16:10,62,28
2024-01-10 16:20,39,41
2024-01-10 16:30,64,36
2024-01-10 16:40,88,32
2024-01-10 16:50,112,27
2024-01-10 17:00,137,22
2024-01-10 17:10,156,10
2024-01-10 17:20,147,14
2024-01-10 17:30,138,17
2024-01-10 17:40,128,21
2024-01-10 17:50,119,24
2024-01-10 18:00,92,19
2024-01-10 18:10,66,13
2024-01-10 18:20,75,13
2024-01-10 18:30,84,14
2024-01-10 18:40,93,15
2024-01-10 18:50,102,16
2024-01-10 19:00,110,17
2024-01-10 19:10,119,17
2024-01-10 19:20,128,18
2024-01-10 19:30,137,19
2024-01-10 19:40,115,16
2024-01-10 19:50,93,13
2024-01-10 20:00,82,19
2024-01-10 20:10,72,25
2024-01-10 20:20,62,30
2024-01-10 20:30,51,36
2024-01-10 20:40,40,42
2024-01-10 20:50,30,47
2024-01-10 21:00,20,53
2024-01-10 21:10,20,56
2024-01-10 21:20,21,59
2024-01-10 21:30,21,62
2024-01-10 21:40,22,65
2024-01-10 21:50,21,64
2024-01-10 22:00,20,64
2024-01-10 22:10,18,64
2024-01-10 22:20,17,64
2024-01-10 22:30,16,64
2024-01-10 22:40,17,64
2024-01-10 22:50,19,65
2024-01-10 23:00,20,65
2024-01-10 23:10,20,64
2024-01-10 23:20,20,63
2024-01-10 23:30,20,62
2024-01-10 23:40,20,61
2024-01-10 23:50,20,60
2024-01-11 00:00,20,59
2024-01-11 00:10,20,57
2024-01-11 00:20,18,61
2024-01-11 00:30,15,64
2024-01-11 00:40,15,64
2024-01-11 00:50,14,64
2024-01-11 01:00,14,64
2024-01-11 01:10,13,64
2024-01-11 01:20,13,64
2024-01-11 01:30,13,64
2024-01-11 01:40,12,64
2024-01-11 01:50,12,64
2024-01-11 02:00,11,64
2024-01-11 02:10,11,64
2024-01-11 02:20,11,64
2024-01-11 02:30,10,64
2024-01-11 02:40,10,64
2024-01-11 02:50,9,64
2024-01-11 03:00,9,64
2024-01-11 03:10,11,63
2024-01-11 03:20,14,62
2024-01-11 03:30,16,61
2024-01-11 03:40,16,62
2024-01-11 03:50,16,62
2024-01-11 04:00,16,62
2024-01-11 04:10,16,62
2024-01-11 04:20,16,62
2024-01-11 04:30,15,63
2024-01-11 04:40,15,63
2024-01-11 04:50,15,63
2024-01-11 05:00,15,63
2024-01-11 05:10,15,64
2024-01-11 05:20,15,64
2024-01-11 05:30,14,61
2024-01-11 05:40,12,59
2024-01-11 05:50,11,56
2024-01-11 06:00,17,57
2024-01-11 06:10,15,73
2024-01-11 06:20,14,71
2024-01-11 06:30,13,68
2024-01-11 06:40,12,66
2024-01-11 06:50,11,64
2024-01-11 07:00,57,50
2024-01-11 07:10,102,36
2024-01-11 07:20,148,22
2024-01-11 07:30,130,18
2024-01-11 07:40,112,14
2024-01-11 07:50,94,10
2024-01-11 08:00,97,10
2024-01-11 08:10,101,10
2024-01-11 08:20,104,10
2024-01-11 08:30,107,10
2024-01-11 08:40,111,10
2024-01-11 08:50,114,10
2024-01-11 09:00,117,10
2024-01-11 09:10,121,10
2024-01-11 09:20,124,10
2024-01-11 09:30,99,26
2024-01-11 09:40,91,29
2024-01-11 09:50,83,32
2024-01-11 10:00,75,34
2024-01-11 10:10,66,37
2024-01-11 10:20,58,40
2024-01-11 10:30,50,42
2024-01-11 10:40,42,45
2024-01-11 10:50,50,39
2024-01-11 11:00,59,34
2024-01-11 11:10,67,28
2024-01-11 11:20,78,36
2024-01-11 11:30,68,37
2024-01-11 11:40,59,38
2024-01-11 11:50,64,31
2024-01-11 12:00,70,24
2024-01-11 12:10,75,17
2024-01-11 12:20,80,10
2024-01-11 12:30,93,22
2024-01-11 12:40,91,22
2024-01-11 12:50,89,21
2024-01-11 13:00,87,21
2024-01-11 13:10,85,21
2024-01-11 13:20,83,20
2024-01-11 13:30,81,20
2024-01-11 13:40,79,20
2024-01-11 13:50,68,30
2024-01-11 14:00,64,33
2024-01-11 14:10,60,35
2024-01-11 14:20,57,38
2024-01-11 14:30,53,41
2024-01-11 14:40,49,43
2024-01-11 14:50,41,42
2024-01-11 15:00,44,40
2024-01-11 15:10,48,38
2024-01-11 15:20,52,36
2024-01-11 15:30,55,33
2024-01-11 15:40,58,31
2024-01-11 15:50,62,29
2024-01-11 16:00,54,33
2024-01-11 16:10,47,37
2024-01-11 16:20,40,41
2024-01-11 16:30,32,44
2024-01-11 16:40,56,41
2024-01-11 16:50,79,37
2024-01-11 17:00,103,33
2024-01-11 17:10,127,30
2024-01-11 17:20,151,26
2024-01-11 17:30,174,22
2024-01-11 17:40,198,19
2024-01-11 17:50,189,18
2024-01-11 18:00,181,17
2024-01-11 18:10,172,17
2024-01-11 18:20,163,16
2024-01-11 18:30,155,15
2024-01-11 18:40,146,14
2024-01-11 18:50,137,14
2024-01-11 19:00,129,13
2024-01-11 19:10,120,12
2024-01-11 19:20,99,24
2024-01-11 19:30,78,35
2024-01-11 19:40,57,47
2024-01-11 19:50,36,59
2024-01-11 20:00,15,70
2024-01-11 20:10,14,64
2024-01-11 20:20,14,57
2024-01-11 20:30,15,56
2024-01-11 20:40,16,55
2024-01-11 20:50,17,54
2024-01-11 21:00,18,53
2024-01-11 21:10,19,52
2024-01-11 21:20,19,51
2024-01-11 21:30,20,49
2024-01-11 21:40,21,48
2024-01-11 21:50,22,47
2024-01-11 22:00,23,46
2024-01-11 22:10,24,45
2024-01-11 22:20,21,50
2024-01-11 22:30,18,54
2024-01-11 22:40,15,59
2024-01-11 22:50,12,64
2024-01-11 23:00,12,63
2024-01-11 23:10,13,62
2024-01-11 23:20,13,61
2024-01-11 23:30,14,60
2024-01-11 23:40,14,59
2024-01-11 23:50,14,58
2024-01-12 00:00,15,57
2024-01-12 00:10,15,56
2024-01-12 00:20,16,55
2024-01-12 00:30,16,54
2024-01-12 00:40,20,52
2024-01-12 00:50,25,49
2024-01-12 01:00,23,50
2024-01-12 01:10,21,50
2024-01-12 01:20,19,50
2024-01-12 01:30,18,50
2024-01-12 01:40,17,50
2024-01-12 01:50,16,50
2024-01-12 02:00,13,57
2024-01-12 02:10,10,63
2024-01-12 02:20,10,62
2024-01-12 02:30,11,60
2024-01-12 02:40,11,58
2024-01-12 02:50,11,57
2024-01-12 03:00,12,55
2024-01-12 03:10,12,53
2024-01-12 03:20,12,51
2024-01-12 03:30,13,50
2024-01-12 03:40,13,48
2024-01-12 03:50,16,49
2024-01-12 04:00,18,49
2024-01-12 04:10,21,50
2024-01-12 04:20,23,50
2024-01-12 04:30,26,51
2024-01-12 04:40,28,51
2024-01-12 04:50,31,52
2024-01-12 05:00,26,57
2024-01-12 05:10,20,62
2024-01-12 05:20,15,67
2024-01-12 05:30,10,72
2024-01-12 05:40,11,71
2024-01-12 05:50,11,71
2024-01-12 06:00,12,70
2024-01-12 06:10,30,62
2024-01-12 06:20,48,55
2024-01-12 06:30,66,47
2024-01-12 06:40,84,40
2024-01-12 06:50,103,32
2024-01-12 07:00,121,25
2024-01-12 07:10,139,17
2024-01-12 07:20,157,10
2024-01-12 07:30,142,13
2024-01-12 07:40,126,16
2024-01-12 07:50,110,19
2024-01-12 08:00,95,22
2024-01-12 08:10,159,18
2024-01-12 08:20,223,15
2024-01-12 08:30,206,17
2024-01-12 08:40,189,19
2024-01-12 08:50,172,21
2024-01-12 09:00,155,23
2024-01-12 09:10,138,24
2024-01-12 09:20,121,26
2024-01-12 09:30,104,28
2024-01-12 09:40,87,30
2024-01-12 09:50,70,32
2024-01-12 10:00,54,34
2024-01-12 10:10,53,34
2024-01-12 10:20,53,34
2024-01-12 10:30,58,30
2024-01-12 10:40,62,27
2024-01-12 10:50,67,24
2024-01-12 11:00,72,21
2024-01-12 11:10,77,17
2024-01-12 11:20,81,14
2024-01-12 11:30,86,11
2024-01-12 11:40,74,12
2024-01-12 11:50,61,14
2024-01-12 12:00,49,16
2024-01-12 12:10,59,27
2024-01-12 12:20,51,30
2024-01-12 12:30,59,29
2024-01-12 12:40,66,27
2024-01-12 12:50,74,25
2024-01-12 13:00,82,23
2024-01-12 13:10,78,24
2024-01-12 13:20,74,24
2024-01-12 13:30,70,25
2024-01-12 13:40,66,26
2024-01-12 13:50,62,26
2024-01-12 14:00,58,27
2024-01-12 14:10,53,28
2024-01-12 14:20,49,29
2024-01-12 14:30,45,29
2024-01-12 14:40,41,30
2024-01-12 14:50,37,31
2024-01-12 15:00,33,31
2024-01-12 15:10,37,33
2024-01-12 15:20,41,35
2024-01-12 15:30,45,37
2024-01-12 15:40,49,39
2024-01-12 15:50,56,37
2024-01-12 16:00,64,35
2024-01-12 16:10,71,34
2024-01-12 16:20,78,32
2024-01-12 16:30,85,30
2024-01-12 16:40,93,29
2024-01-12 16:50,100,27
2024-01-12 17:00,107,25
2024-01-12 17:10,115,23
2024-01-12 17:20,122,22
2024-01-12 17:30,129,20
2024-01-12 17:40,137,18
2024-01-12 17:50,144,17
2024-01-12 18:00,151,15
2024-01-12 18:10,158,13
2024-01-12 18:20,166,12
2024-01-12 18:30,173,10
2024-01-12 18:40,177,12
2024-01-12 18:50,182,14
2024-01-12 19:00,186,15
2024-01-12 19:10,191,17
2024-01-12 19:20,195,19
2024-01-12 19:30,200,21
2024-01-12 19:40,204,22
2024-01-12 19:50,159,30
2024-01-12 20:00,114,38
2024-01-12 20:10,69,45
2024-01-12 20:20,24,53
2024-01-12 20:30,24,52
2024-01-12 20:40,24,50
2024-01-12 20:50,23,49
2024-01-12 21:00,22,47
2024-01-12 21:10,22,46
2024-01-12 21:20,22,44
2024-01-12 21:30,21,43
2024-01-12 21:40,20,42
2024-01-12 21:50,20,40
2024-01-12 22:00,20,39
2024-01-12 22:10,19,37
2024-01-12 22:20,16,45
2024-01-12 22:30,13,53
2024-01-12 22:40,13,54
2024-01-12 22:50,13,55
2024-01-12 23:00,13,55
2024-01-12 23:10,13,56
2024-01-12 23:20,13,57
2024-01-12 23:30,13,57
2024-01-12 23:40,13,58
2024-01-12 23:50,13,59
2024-01-13 00:00,13,59
2024-01-13 00:10,13,60
2024-01-13 00:20,13,61
2024-01-13 00:30,13,62
2024-01-13 00:40,13,62
2024-01-13 00:50,13,63
2024-01-13 01:00,13,64
2024-01-13 01:10,13,64
2024-01-13 01:20,12,63
2024-01-13 01:30,11,62
2024-01-13 01:40,10,61
2024-01-13 01:50,9,60
2024-01-13 02:00,10,62
2024-01-13 02:10,10,63
2024-01-13 02:20,11,65
2024-01-13 02:30,12,66
2024-01-13 02:40,13,66
2024-01-13 02:50,14,67
2024-01-13 03:00,15,67
2024-01-13 03:10,14,66
2024-01-13 03:20,13,66
2024-01-13 03:30,12,65
2024-01-13 03:40,11,64
2024-01-13 03:50,11,64
2024-01-13 04:00,10,63
2024-01-13 04:10,9,62
2024-01-13 04:20,8,62
2024-01-13 04:30,7,61
2024-01-13 04:40,9,57
2024-01-13 04:50,11,53
2024-01-13 05:00,13,50
2024-01-13 05:10,14,50
2024-01-13 05:20,14,49
2024-01-13 05:30,15,49
2024-01-13 05:40,16,49
2024-01-13 05:50,16,49
2024-01-13 06:00,17,49
2024-01-13 06:10,17,49
2024-01-13 06:20,18,49
2024-01-13 06:30,19,48
2024-01-13 06:40,20,47
2024-01-13 06:50,21,45
2024-01-13 07:00,23,44
2024-01-13 07:10,24,43
2024-01-13 07:20,25,42
2024-01-13 07:30,26,41
2024-01-13 07:40,60,41
2024-01-13 07:50,52,36
2024-01-13 08:00,44,32
2024-01-13 08:10,36,28
2024-01-13 08:20,35,28
2024-01-13 08:30,35,28
2024-01-13 08:40,34,28
2024-01-13 08:50,34,28
2024-01-13 09:00,33,28
2024-01-13 09:10,34,27
2024-01-13 09:20,35,26
2024-01-13 09:30,36,26
2024-01-13 09:40,36,25
2024-01-13 09:50,37,25
2024-01-13 10:00,38,24
2024-01-13 10:10,39,23
2024-01-13 10:20,40,23
2024-01-13 10:30,37,34
2024-01-13 10:40,34,45
2024-01-13 10:50,32,45
2024-01-13 11:00,30,45
2024-01-13 11:10,34,37
2024-01-13 11:20,37,28
2024-01-13 11:30,41,19
2024-01-13 11:40,48,35
2024-01-13 11:50,47,36
2024-01-13 12:00,46,37
2024-01-13 12:10,45,38
2024-01-13 12:20,44,39
2024-01-13 12:30,43,40
2024-01-13 12:40,42,41
2024-01-13 12:50,41,42
2024-01-13 13:00,39,44
2024-01-13 13:10,37,46
2024-01-13 13:20,35,48
2024-01-13 13:30,33,50
2024-01-13 13:40,30,52
2024-01-13 13:50,28,54
2024-01-13 14:00,26,56
2024-01-13 14:10,24,57
2024-01-13 14:20,22,59
2024-01-13 14:30,26,56
2024-01-13 14:40,29,52
2024-01-13 14:50,33,49
2024-01-13 15:00,36,45
2024-01-13 15:10,40,42
2024-01-13 15:20,43,38
2024-01-13 15:30,47,34
2024-01-13 15:40,45,33
2024-01-13 15:50,43,32
2024-01-13 16:00,40,32
2024-01-13 16:10,38,31
2024-01-13 16:20,36,30
2024-01-13 16:30,34,29
2024-01-13 16:40,25,32
2024-01-13 16:50,16,35
2024-01-13 17:00,19,34
2024-01-13 17:10,22,33
2024-01-13 17:20,25,31
2024-01-13 17:30,28,30
2024-01-13 17:40,31,29
2024-01-13 17:50,34,28
2024-01-13 18:00,37,26
2024-01-13 18:10,40,25
2024-01-13 18:20,43,24
2024-01-13 18:30,46,22
2024-01-13 18:40,49,21
2024-01-13 18:50,52,20
2024-01-13 19:00,75,12
2024-01-13 19:10,84,18
2024-01-13 19:20,94,25
2024-01-13 19:30,88,15
2024-01-13 19:40,74,13
2024-01-13 19:50,59,11
2024-01-13 20:00,10,66
2024-01-13 20:10,11,65
2024-01-13 20:20,11,65
2024-01-13 20:30,12,65
2024-01-13 20:40,12,64
2024-01-13 20:50,13,64
2024-01-13 21:00,13,63
2024-01-13 21:10,14,63
2024-01-13 21:20,14,63
2024-01-13 21:30,15,62
2024-01-13 21:40,15,62
2024-01-13 21:50,16,62
2024-01-13 22:00,16,61
2024-01-13 22:10,17,61
2024-01-13 22:20,17,60
2024-01-13 22:30,18,60
2024-01-13 22:40,18,60
2024-01-13 22:50,19,59
2024-01-13 23:00,18,62
2024-01-13 23:10,18,65
2024-01-13 23:20,15,66
2024-01-13 23:30,12,68
2024-01-13 23:40,10,69
2024-01-13 23:50,7,70
2024-01-14 00:00,8,68
2024-01-14 00:10,8,66
2024-01-14 00:20,8,65
2024-01-14 00:30,9,63
2024-01-14 00:40,10,61
2024-01-14 00:50,10,59
2024-01-14 01:00,11,64
2024-01-14 01:10,11,62
2024-01-14 01:20,11,60
2024-01-14 01:30,11,59
2024-01-14 01:40,11,57
2024-01-14 01:50,11,55
2024-01-14 02:00,11,54
2024-01-14 02:10,11,52
2024-01-14 02:20,11,50
2024-01-14 02:30,11,49
2024-01-14 02:40,11,47
2024-01-14 02:50,10,51
2024-01-14 03:00,10,56
2024-01-14 03:10,11,56
2024-01-14 03:20,12,55
2024-01-14 03:30,14,55
2024-01-14 03:40,15,55
2024-01-14 03:50,16,54
2024-01-14 04:00,18,54
2024-01-14 04:10,19,54
2024-01-14 04:20,20,54
2024-01-14 04:30,19,55
2024-01-14 04:40,18,56
2024-01-14 04:50,16,57
2024-01-14 05:00,15,59
2024-01-14 05:10,14,60
2024-01-14 05:20,13,61
2024-01-14 05:30,12,63
2024-01-14 05:40,11,64
2024-01-14 05:50,10,65
2024-01-14 06:00,8,67
2024-01-14 06:10,7,68
2024-01-14 06:20,6,69
2024-01-14 06:30,14,61
2024-01-14 06:40,21,52
2024-01-14 06:50,28,43
2024-01-14 07:00,36,35
2024-01-14 07:10,44,26
2024-01-14 07:20,51,17
2024-01-14 07:30,46,25
2024-01-14 07:40,48,20
2024-01-14 07:50,51,15
2024-01-14 08:00,48,10
2024-01-14 08:10,34,15
2024-01-14 08:20,31,19
2024-01-14 08:30,28,23
2024-01-14 08:40,25,27
2024-01-14 08:50,22,31
2024-01-14 09:00,24,25
2024-01-14 09:10,25,19
2024-01-14 09:20,26,20
2024-01-14 09:30,27,20
2024-01-14 09:40,28,20
2024-01-14 09:50,29,20
2024-01-14 10:00,30,21
2024-01-14 10:10,30,21
2024-01-14 10:20,31,21
2024-01-14 10:30,32,22
2024-01-14 10:40,33,22
2024-01-14 10:50,34,22
2024-01-14 11:00,35,23
2024-01-14 11:10,36,23
2024-01-14 11:20,37,23
2024-01-14 11:30,39,23
2024-01-14 11:40,40,22
2024-01-14 11:50,42,22
2024-01-14 12:00,43,22
2024-01-14 12:10,46,26
2024-01-14 12:20,50,30
2024-01-14 12:30,53,34
2024-01-14 12:40,56,38
2024-01-14 12:50,60,42
2024-01-14 13:00,56,16
2024-01-14 13:10,59,39
2024-01-14 13:20,58,34
2024-01-14 13:30,58,30
2024-01-14 13:40,58,26
2024-01-14 13:50,57,22
2024-01-14 14:00,55,26
2024-01-14 14:10,52,30
2024-01-14 14:20,50,34
2024-01-14 14:30,48,35
2024-01-14 14:40,46,35
2024-01-14 14:50,44,36
2024-01-14 15:00,42,37
2024-01-14 15:10,40,38
2024-01-14 15:20,38,38
2024-01-14 15:30,36,39
2024-01-14 15:40,34,40
2024-01-14 15:50,32,40
2024-01-14 16:00,30,41
2024-01-14 16:10,28,42
2024-01-14 16:20,31,40
2024-01-14 16:30,33,39
2024-01-14 16:40,36,38
2024-01-14 16:50,38,37
2024-01-14 17:00,40,35
2024-01-14 17:10,42,34
2024-01-14 17:20,44,33
2024-01-14 17:30,46,32
2024-01-14 17:40,48,30
2024-01-14 17:50,49,29
2024-01-14 18:00,51,28
2024-01-14 18:10,53,27
2024-01-14 18:20,55,25
2024-01-14 18:30,57,24
2024-01-14 18:40,59,23
2024-01-14 18:50,68,24
2024-01-14 19:00,78,24
2024-01-14 19:10,66,31
2024-01-14 19:20,55,37
2024-01-14 19:30,43,44
2024-01-14 19:40,31,50
2024-01-14 19:50,20,56
2024-01-14 20:00,8,63
2024-01-14 20:10,18,63
2024-01-14 20:20,8,69
2024-01-14 20:30,9,68
2024-01-14 20:40,11,68
2024-01-14 20:50,12,67
2024-01-14 21:00,13,66
2024-01-14 21:10,15,65
2024-01-14 21:20,16,64
2024-01-14 21:30,15,65
2024-01-14 21:40,14,67
2024-01-14 21:50,12,68
2024-01-14 22:00,11,69
2024-01-14 22:10,12,67
2024-01-14 22:20,12,64
2024-01-14 22:30,13,61
2024-01-14 22:40,13,59
2024-01-14 22:50,14,56
2024-01-14 23:00,12,60
2024-01-14 23:10,9,64
2024-01-14 23:20,11,62
2024-01-14 23:30,13,60
2024-01-14 23:40,14,58
2024-01-14 23:50,16,55
2024-01-15 00:00,18,53
2024-01-15 00:10,20,51
2024-01-15 00:20,22,46
2024-01-15 00:30,25,42
2024-01-15 00:40,25,46
2024-01-15 00:50,25,50
2024-01-15 01:00,26,54
2024-01-15 01:10,28,58
2024-01-15 01:20,26,62
2024-01-15 01:30,23,66
2024-01-15 01:40,21,69
2024-01-15 01:50,21,67
2024-01-15 02:00,21,66
2024-01-15 02:10,21,64
2024-01-15 02:20,20,63
2024-01-15 02:30,20,61
2024-01-15 02:40,20,59
2024-01-15 02:50,20,58
2024-01-15 03:00,20,57
2024-01-15 03:10,20,56
2024-01-15 03:20,20,56
2024-01-15 03:30,20,55
2024-01-15 03:40,20,54
2024-01-15 03:50,19,54
2024-01-15 04:00,19,53
2024-01-15 04:10,19,52
2024-01-15 04:20,19,51
2024-01-15 04:30,19,51
2024-01-15 04:40,7,52
2024-01-15 04:50,11,56
2024-01-15 05:00,15,60
2024-01-15 05:10,18,64
2024-01-15 05:20,21,68
2024-01-15 05:30,19,66
2024-01-15 05:40,16,65
2024-01-15 05:50,14,64
2024-01-15 06:00,14,65
2024-01-15 06:10,13,66
2024-01-15 06:20,12,67
2024-01-15 06:30,12,68
2024-01-15 06:40,29,58
2024-01-15 06:50,46,48
2024-01-15 07:00,63,38
2024-01-15 07:10,80,28
2024-01-15 07:20,97,18
2024-01-15 07:30,96,16
2024-01-15 07:40,95,14
2024-01-15 07:50,94,12
2024-01-15 08:00,93,10
2024-01-15 08:10,112,10
2024-01-15 08:20,132,10
2024-01-15 08:30,151,10
2024-01-15 08:40,170,10
2024-01-15 08:50,164,11
2024-01-15 09:00,157,13
2024-01-15 09:10,151,14
2024-01-15 09:20,145,16
2024-01-15 09:30,138,17
2024-01-15 09:40,132,18
2024-01-15 09:50,126,20
2024-01-15 10:00,119,21
2024-01-15 10:10,113,23
2024-01-15 10:20,107,24
2024-01-15 10:30,100,25
2024-01-15 10:40,94,27
2024-01-15 10:50,88,28
2024-01-15 11:00,81,30
2024-01-15 11:10,75,31
2024-01-15 11:20,69,32
2024-01-15 11:30,62,34
2024-01-15 11:40,56,35
2024-01-15 11:50,66,30
2024-01-15 12:00,75,25
2024-01-15 12:10,73,25
2024-01-15 12:20,71,26
2024-01-15 12:30,68,27
2024-01-15 12:40,66,27
2024-01-15 12:50,64,28
2024-01-15 13:00,62,28
2024-01-15 13:10,60,29
2024-01-15 13:20,57,30
2024-01-15 13:30,55,30
2024-01-15 13:40,53,31
2024-01-15 13:50,51,31
2024-01-15 14:00,49,32
2024-01-15 14:10,47,33
2024-01-15 14:20,44,33
2024-01-15 14:30,42,34
2024-01-15 14:40,40,34
2024-01-15 14:50,38,35
2024-01-15 15:00,36,36
2024-01-15 15:10,33,36
2024-01-15 15:20,31,37
2024-01-15 15:30,29,38
2024-01-15 15:40,29,35
2024-01-15 15:50,30,33
2024-01-15 16:00,30,31
2024-01-15 16:10,30,29
2024-01-15 16:20,46,27
2024-01-15 16:30,61,26
2024-01-15 16:40,77,24
2024-01-15 16:50,92,23
2024-01-15 17:00,108,21
2024-01-15 17:10,122,19
2024-01-15 17:20,136,17
2024-01-15 17:30,150,16
2024-01-15 17:40,164,14
2024-01-15 17:50,178,12
2024-01-15 18:00,192,10
2024-01-15 18:10,189,16
2024-01-15 18:20,180,15
2024-01-15 18:30,170,14
2024-01-15 18:40,161,13
2024-01-15 18:50,151,12
2024-01-15 19:00,142,12
2024-01-15 19:10,132,11
2024-01-15 19:20,123,10
2024-01-15 19:30,149,11
2024-01-15 19:40,131,18
2024-01-15 19:50,114,25
2024-01-15 20:00,96,33
2024-01-15 20:10,79,40
2024-01-15 20:20,61,47
2024-01-15 20:30,44,54
2024-01-15 20:40,26,62
2024-01-15 20:50,25,66
2024-01-15 21:00,24,70
2024-01-15 21:10,23,74
2024-01-15 21:20,22,78
2024-01-15 21:30,21,82
2024-01-15 21:40,20,86
2024-01-15 21:50,13,52
2024-01-15 22:00,14,55
2024-01-15 22:10,15,57
2024-01-15 22:20,16,59
2024-01-15 22:30,17,62
2024-01-15 22:40,16,63
2024-01-15 22:50,14,64
2024-01-15 23:00,15,62
2024-01-15 23:10,16,61
2024-01-15 23:20,17,59
2024-01-15 23:30,18,57
2024-01-15 23:40,26,47
2024-01-15 23:50,19,65
2024-01-16 00:00,16,57
2024-01-16 00:10,16,59
2024-01-16 00:20,15,61
2024-01-16 00:30,15,63
2024-01-16 00:40,15,65
2024-01-16 00:50,14,67
2024-01-16 01:00,14,69
2024-01-16 01:10,15,67
2024-01-16 01:20,15,65
2024-01-16 01:30,16,63
2024-01-16 01:40,17,61
2024-01-16 01:50,17,59
2024-01-16 02:00,18,57
2024-01-16 02:10,24,55
2024-01-16 02:20,30,52
2024-01-16 02:30,24,53
2024-01-16 02:40,19,54
2024-01-16 02:50,18,58
2024-01-16 03:00,21,40
2024-01-16 03:10,20,46
2024-01-16 03:20,20,53
2024-01-16 03:30,20,53
2024-01-16 03:40,20,53
2024-01-16 03:50,19,52
2024-01-16 04:00,19,52
2024-01-16 04:10,19,52
2024-01-16 04:20,19,53
2024-01-16 04:30,18,54
2024-01-16 04:40,18,54
2024-01-16 04:50,18,55
2024-01-16 05:00,18,55
2024-01-16 05:10,17,56
2024-01-16 05:20,17,56
2024-01-16 05:30,17,57
2024-01-16 05:40,17,58
2024-01-16 05:50,16,58
2024-01-16 06:00,16,59
2024-01-16 06:10,16,59
2024-01-16 06:20,16,60
2024-01-16 06:30,15,61
2024-01-16 06:40,15,61
2024-01-16 06:50,15,57
2024-01-16 07:00,45,44
2024-01-16 07:10,74,31
2024-01-16 07:20,104,19
2024-01-16 07:30,100,19
2024-01-16 07:40,96,18
2024-01-16 07:50,92,18
2024-01-16 08:00,88,18
2024-01-16 08:10,84,17
2024-01-16 08:20,80,17
2024-01-16 08:30,76,17
2024-01-16 08:40,72,17
2024-01-16 08:50,120,16
2024-01-16 09:00,169,16
2024-01-16 09:10,144,20
2024-01-16 09:20,118,24
2024-01-16 09:30,108,26
2024-01-16 09:40,98,28
2024-01-16 09:50,88,31
2024-01-16 10:00,78,33
2024-01-16 10:10,68,35
2024-01-16 10:20,58,38
2024-01-16 10:30,48,40
2024-01-16 10:40,38,42
2024-01-16 10:50,28,44
2024-01-16 11:00,31,43
2024-01-16 11:10,35,42
2024-01-16 11:20,38,40
2024-01-16 11:30,41,39
2024-01-16 11:40,45,37
2024-01-16 11:50,48,36
2024-01-16 12:00,51,34
2024-01-16 12:10,55,33
2024-01-16 12:20,58,31
2024-01-16 12:30,61,30
2024-01-16 12:40,65,28
2024-01-16 12:50,68,27
2024-01-16 13:00,71,25
2024-01-16 13:10,75,24
2024-01-16 13:20,78,22
2024-01-16 13:30,81,21
2024-01-16 13:40,85,20
2024-01-16 13:50,88,18
2024-01-16 14:00,82,21
2024-01-16 14:10,75,23
2024-01-16 14:20,69,26
2024-01-16 14:30,62,28
2024-01-16 14:40,56,31
2024-01-16 14:50,53,31
2024-01-16 15:00,49,31
2024-01-16 15:10,46,31
2024-01-16 15:20,42,31
2024-01-16 15:30,39,32
2024-01-16 15:40,42,32
2024-01-16 15:50,44,34
2024-01-16 16:00,46,34
2024-01-16 16:10,49,36
2024-01-16 16:20,55,32
2024-01-16 16:30,61,29
2024-01-16 16:40,67,26
2024-01-16 16:50,73,22
2024-01-16 17:00,88,19
2024-01-16 17:10,104,16
2024-01-16 17:20,120,13
2024-01-16 17:30,135,10
2024-01-16 17:40,128,13
2024-01-16 17:50,121,17
2024-01-16 18:00,114,20
2024-01-16 18:10,107,23
2024-01-16 18:20,100,26
2024-01-16 18:30,93,30
2024-01-16 18:40,86,33
2024-01-16 18:50,78,36
2024-01-16 19:00,71,40
2024-01-16 19:10,64,43
2024-01-16 19:20,57,46
2024-01-16 19:30,50,49
2024-01-16 19:40,43,53
2024-01-16 19:50,36,56
2024-01-16 20:00,29,59
2024-01-16 20:10,22,63
2024-01-16 20:20,22,62
2024-01-16 20:30,23,61
2024-01-16 20:40,23,60
2024-01-16 20:50,22,57
2024-01-16 21:00,20,53
2024-01-16 21:10,19,50
2024-01-16 21:20,17,46
2024-01-16 21:30,16,43
2024-01-16 21:40,17,60
2024-01-16 21:50,17,59
2024-01-16 22:00,17,59
2024-01-16 22:10,17,59
2024-01-16 22:20,17,59
2024-01-16 22:30,17,58
2024-01-16 22:40,17,58
2024-01-16 22:50,18,58
2024-01-16 23:00,18,58
2024-01-16 23:10,18,58
2024-01-16 23:20,18,57
2024-01-16 23:30,18,57
2024-01-16 23:40,18,57
2024-01-16 23:50,18,57
2024-01-17 00:00,18,56
2024-01-17 00:10,18,56
2024-01-17 00:20,19,56
2024-01-17 00:30,19,55
2024-01-17 00:40,19,55
2024-01-17 00:50,20,54
2024-01-17 01:00,20,54
2024-01-17 01:10,20,53
2024-01-17 01:20,20,53
2024-01-17 01:30,21,52
2024-01-17 01:40,21,52
2024-01-17 01:50,12,74
2024-01-17 02:00,29,58
2024-01-17 02:10,28,58
2024-01-17 02:20,26,58
2024-01-17 02:30,25,58
2024-01-17 02:40,23,57
2024-01-17 02:50,22,57
2024-01-17 03:00,20,57
2024-01-17 03:10,19,57
2024-01-17 03:20,20,58
2024-01-17 03:30,21,59
2024-01-17 03:40,22,61
2024-01-17 03:50,23,62
2024-01-17 04:00,24,63
2024-01-17 04:10,25,65
2024-01-17 04:20,24,64
2024-01-17 04:30,24,63
2024-01-17 04:40,23,62
2024-01-17 04:50,22,61
2024-01-17 05:00,21,59
2024-01-17 05:10,21,58
2024-01-17 05:20,20,56
2024-01-17 05:30,19,54
2024-01-17 05:40,13,57
2024-01-17 05:50,23,53
2024-01-17 06:00,22,54
2024-01-17 06:10,21,55
2024-01-17 06:20,20,56
2024-01-17 06:30,19,57
2024-01-17 06:40,18,58
2024-01-17 06:50,17,60
2024-01-17 07:00,30,47
2024-01-17 07:10,42,35
2024-01-17 07:20,55,22
2024-01-17 07:30,68,10
2024-01-17 07:40,67,11
2024-01-17 07:50,66,12
2024-01-17 08:00,65,13
2024-01-17 08:10,64,13
2024-01-17 08:20,63,14
2024-01-17 08:30,62,15
2024-01-17 08:40,61,16
2024-01-17 08:50,60,17
2024-01-17 09:00,59,18
2024-01-17 09:10,58,19
2024-01-17 09:20,70,16
2024-01-17 09:30,81,13
2024-01-17 09:40,93,10
2024-01-17 09:50,75,24
2024-01-17 10:00,56,38
2024-01-17 10:10,38,52
2024-01-17 10:20,55,57
2024-01-17 10:30,51,53
2024-01-17 10:40,47,48
2024-01-17 10:50,42,44
2024-01-17 11:00,59,34
2024-01-17 11:10,76,23
2024-01-17 11:20,93,13
2024-01-17 11:30,93,15
2024-01-17 11:40,94,17
2024-01-17 11:50,94,18
2024-01-17 12:00,94,20
2024-01-17 12:10,94,22
2024-01-17 12:20,95,24
2024-01-17 12:30,95,25
2024-01-17 12:40,80,28
2024-01-17 12:50,65,31
2024-01-17 13:00,50,34
2024-01-17 13:10,62,31
2024-01-17 13:20,74,27
2024-01-17 13:30,87,24
2024-01-17 13:40,99,21
2024-01-17 13:50,73,33
2024-01-17 14:00,61,32
2024-01-17 14:10,66,29
2024-01-17 14:20,71,25
2024-01-17 14:30,76,22
2024-01-17 14:40,73,25
2024-01-17 14:50,70,28
2024-01-17 15:00,67,31
2024-01-17 15:10,64,34
2024-01-17 15:20,61,37
2024-01-17 15:30,58,40
2024-01-17 15:40,55,43
2024-01-17 15:50,52,46
2024-01-17 16:00,54,43
2024-01-17 16:10,55,40
2024-01-17 16:20,57,37
2024-01-17 16:30,58,33
2024-01-17 16:40,60,30
2024-01-17 16:50,89,27
2024-01-17 17:00,117,23
2024-01-17 17:10,146,20
2024-01-17 17:20,175,17
2024-01-17 17:30,203,13
2024-01-17 17:40,232,10
2024-01-17 17:50,206,12
2024-01-17 18:00,180,14
2024-01-17 18:10,155,16
2024-01-17 18:20,129,18
2024-01-17 18:30,108,23
2024-01-17 18:40,86,28
2024-01-17 18:50,65,32
2024-01-17 19:00,107,13
2024-01-17 19:10,156,10
2024-01-17 19:20,159,10
2024-01-17 19:30,162,10
2024-01-17 19:40,166,10
2024-01-17 19:50,169,10
2024-01-17 20:00,12,64
2024-01-17 20:10,12,63
2024-01-17 20:20,12,62
2024-01-17 20:30,13,61
2024-01-17 20:40,13,60
2024-01-17 20:50,13,59
2024-01-17 21:00,15,56
2024-01-17 21:10,23,60
2024-01-17 21:20,22,58
2024-01-17 21:30,22,56
2024-01-17 21:40,21,54
2024-01-17 21:50,20,51
2024-01-17 22:00,19,51
2024-01-17 22:10,18,52
2024-01-17 22:20,17,52
2024-01-17 22:30,16,52
2024-01-17 22:40,15,52
2024-01-17 22:50,15,52
2024-01-17 23:00,14,52
2024-01-17 23:10,13,53
2024-01-17 23:20,12,53
2024-01-17 23:30,11,53
2024-01-17 23:40,10,53
2024-01-17 23:50,11,55
2024-01-18 00:00,12,58
2024-01-18 00:10,13,60
2024-01-18 00:20,15,62
2024-01-18 00:30,16,64
2024-01-18 00:40,17,67
2024-01-18 00:50,18,69
2024-01-18 01:00,20,60
2024-01-18 01:10,21,52
2024-01-18 01:20,21,54
2024-01-18 01:30,20,57
2024-01-18 01:40,20,59
2024-01-18 01:50,19,62
2024-01-18 02:00,19,64
2024-01-18 02:10,17,66
2024-01-18 02:20,15,68
2024-01-18 02:30,13,58
2024-01-18 02:40,17,56
2024-01-18 02:50,21,55
2024-01-18 03:00,21,55
2024-01-18 03:10,20,55
2024-01-18 03:20,20,55
2024-01-18 03:30,20,56
2024-01-18 03:40,19,56
2024-01-18 03:50,19,56
2024-01-18 04:00,28,42
2024-01-18 04:10,25,45
2024-01-18 04:20,22,49
2024-01-18 04:30,18,52
2024-01-18 04:40,15,56
2024-01-18 04:50,12,59
2024-01-18 05:00,11,68
2024-01-18 05:10,25,59
2024-01-18 05:20,20,71
2024-01-18 05:30,20,63
2024-01-18 05:40,20,54
2024-01-18 05:50,19,57
2024-01-18 06:00,17,59
2024-01-18 06:10,15,62
2024-01-18 06:20,13,64
2024-01-18 06:30,11,66
2024-01-18 06:40,15,64
2024-01-18 06:50,19,61
2024-01-18 07:00,30,58
2024-01-18 07:10,41,54
2024-01-18 07:20,53,51
2024-01-18 07:30,64,48
2024-01-18 07:40,75,45
2024-01-18 07:50,86,42
2024-01-18 08:00,98,39
2024-01-18 08:10,109,36
2024-01-18 08:20,120,33
2024-01-18 08:30,131,30
2024-01-18 08:40,143,27
2024-01-18 08:50,154,24
2024-01-18 09:00,165,21
2024-01-18 09:10,151,19
2024-01-18 09:20,136,18
2024-01-18 09:30,122,17
2024-01-18 09:40,107,15
2024-01-18 09:50,93,14
2024-01-18 10:00,91,15
2024-01-18 10:10,89,16
2024-01-18 10:20,87,17
2024-01-18 10:30,85,18
2024-01-18 10:40,83,19
2024-01-18 10:50,81,20
2024-01-18 11:00,79,21
2024-01-18 11:10,77,22
2024-01-18 11:20,75,23
2024-01-18 11:30,73,24
2024-01-18 11:40,71,25
2024-01-18 11:50,69,26
2024-01-18 12:00,67,27
2024-01-18 12:10,65,28
2024-01-18 12:20,63,29
2024-01-18 12:30,61,30
2024-01-18 12:40,59,31
2024-01-18 12:50,57,32
2024-01-18 13:00,55,33
2024-01-18 13:10,62,28
2024-01-18 13:20,70,24
2024-01-18 13:30,77,19
2024-01-18 13:40,33,30
2024-01-18 13:50,35,30
2024-01-18 14:00,37,30
2024-01-18 14:10,39,31
2024-01-18 14:20,41,31
2024-01-18 14:30,46,37
2024-01-18 14:40,51,43
2024-01-18 14:50,56,48
2024-01-18 15:00,51,44
2024-01-18 15:10,46,40
2024-01-18 15:20,41,36
2024-01-18 15:30,39,38
2024-01-18 15:40,37,39
2024-01-18 15:50,35,41
2024-01-18 16:00,33,42
2024-01-18 16:10,31,44
2024-01-18 16:20,35,41
2024-01-18 16:30,40,39
2024-01-18 16:40,44,37
2024-01-18 16:50,48,34
2024-01-18 17:00,71,28
2024-01-18 17:10,94,22
2024-01-18 17:20,117,16
2024-01-18 17:30,140,10
2024-01-18 17:40,137,10
2024-01-18 17:50,134,10
2024-01-18 18:00,131,10
2024-01-18 18:10,128,10
2024-01-18 18:20,126,10
2024-01-18 18:30,123,10
2024-01-18 18:40,120,10
2024-01-18 18:50,117,10
2024-01-18 19:00,114,10
2024-01-18 19:10,124,11
2024-01-18 19:20,134,12
2024-01-18 19:30,144,13
2024-01-18 19:40,154,13
2024-01-18 19:50,107,28
2024-01-18 20:00,60,43
2024-01-18 20:10,13,58
2024-01-18 20:20,11,64
2024-01-18 20:30,8,70
2024-01-18 20:40,6,75
2024-01-18 20:50,8,72
2024-01-18 21:00,9,69
2024-01-18 21:10,10,65
2024-01-18 21:20,12,62
2024-01-18 21:30,14,58
2024-01-18 21:40,15,55
2024-01-18 21:50,16,57
2024-01-18 22:00,18,59
2024-01-18 22:10,20,55
2024-01-18 22:20,21,56
2024-01-18 22:30,22,56
2024-01-18 22:40,24,57
2024-01-18 22:50,25,57
2024-01-18 23:00,26,58
2024-01-18 23:10,15,56
2024-01-18 23:20,16,57
2024-01-18 23:30,17,58
2024-01-18 23:40,18,59
2024-01-18 23:50,19,60
2024-01-19 00:00,20,61
2024-01-19 00:10,20,60
2024-01-19 00:20,20,59
2024-01-19 00:30,20,58
2024-01-19 00:40,20,57
2024-01-19 00:50,20,57
2024-01-19 01:00,19,58
2024-01-19 01:10,19,60
2024-01-19 01:20,18,62
2024-01-19 01:30,17,64
2024-01-19 01:40,17,65
2024-01-19 01:50,16,67
2024-01-19 02:00,15,69
2024-01-19 02:10,15,70
2024-01-19 02:20,14,72
2024-01-19 02:30,14,63
2024-01-19 02:40,14,55
2024-01-19 02:50,15,46
2024-01-19 03:00,15,38
2024-01-19 03:10,16,44
2024-01-19 03:20,16,50
2024-01-19 03:30,16,56
2024-01-19 03:40,17,62
2024-01-19 03:50,17,63
2024-01-19 04:00,17,64
2024-01-19 04:10,20,60
2024-01-19 04:20,24,56
2024-01-19 04:30,24,55
2024-01-19 04:40,24,54
2024-01-19 04:50,23,53
2024-01-19 05:00,23,52
2024-01-19 05:10,23,51
2024-01-19 05:20,22,50
2024-01-19 05:30,22,49
2024-01-19 05:40,22,48
2024-01-19 05:50,22,47
2024-01-19 06:00,22,46
2024-01-19 06:10,21,45
2024-01-19 06:20,21,44
2024-01-19 06:30,14,54
2024-01-19 06:40,18,51
2024-01-19 06:50,22,48
2024-01-19 07:00,138,14
2024-01-19 07:10,137,12
2024-01-19 07:20,137,11
2024-01-19 07:30,136,10
2024-01-19 07:40,118,10
2024-01-19 07:50,99,10
2024-01-19 08:00,80,10
2024-01-19 08:10,62,10
2024-01-19 08:20,62,14
2024-01-19 08:30,63,17
2024-01-19 08:40,57,22
2024-01-19 08:50,52,27
2024-01-19 09:00,46,31
2024-01-19 09:10,40,36
2024-01-19 09:20,35,41
2024-01-19 09:30,29,45
2024-01-19 09:40,23,50
2024-01-19 09:50,18,55
2024-01-19 10:00,12,59
2024-01-19 10:10,20,54
2024-01-19 10:20,28,49
2024-01-19 10:30,36,44
2024-01-19 10:40,44,39
2024-01-19 10:50,47,38
2024-01-19 11:00,50,37
2024-01-19 11:10,53,36
2024-01-19 11:20,55,35
2024-01-19 11:30,58,35
2024-01-19 11:40,61,34
2024-01-19 11:50,63,33
2024-01-19 12:00,66,32
2024-01-19 12:10,69,31
2024-01-19 12:20,71,30
2024-01-19 12:30,74,30
2024-01-19 12:40,77,29
2024-01-19 12:50,79,28
2024-01-19 13:00,82,27
2024-01-19 13:10,79,27
2024-01-19 13:20,76,28
2024-01-19 13:30,73,28
2024-01-19 13:40,70,29
2024-01-19 13:50,67,29
2024-01-19 14:00,64,30
2024-01-19 14:10,61,30
2024-01-19 14:20,58,31
2024-01-19 14:30,55,31
2024-01-19 14:40,63,28
2024-01-19 14:50,70,25
2024-01-19 15:00,78,22
2024-01-19 15:10,35,31
2024-01-19 15:20,61,29
2024-01-19 15:30,65,31
2024-01-19 15:40,70,33
2024-01-19 15:50,74,34
2024-01-19 16:00,81,33
2024-01-19 16:10,88,31
2024-01-19 16:20,95,30
2024-01-19 16:30,102,28
2024-01-19 16:40,109,26
2024-01-19 16:50,116,25
2024-01-19 17:00,123,23
2024-01-19 17:10,131,22
2024-01-19 17:20,138,20
2024-01-19 17:30,145,18
2024-01-19 17:40,152,17
2024-01-19 17:50,159,15
2024-01-19 18:00,166,14
2024-01-19 18:10,173,12
2024-01-19 18:20,180,10
2024-01-19 18:30,165,20
2024-01-19 18:40,155,19
2024-01-19 18:50,146,18
2024-01-19 19:00,136,17
2024-01-19 19:10,126,16
2024-01-19 19:20,116,15
2024-01-19 19:30,106,14
2024-01-19 19:40,97,12
2024-01-19 19:50,87,11
2024-01-19 20:00,47,39
2024-01-19 20:10,7,68
2024-01-19 20:20,8,67
2024-01-19 20:30,10,67
2024-01-19 20:40,11,66
2024-01-19 20:50,12,66
2024-01-19 21:00,13,65
2024-01-19 21:10,14,65
2024-01-19 21:20,16,64
2024-01-19 21:30,17,64
2024-01-19 21:40,17,64
2024-01-19 21:50,17,64
2024-01-19 22:00,17,64
2024-01-19 22:10,17,64
2024-01-19 22:20,17,65
2024-01-19 22:30,16,65
2024-01-19 22:40,16,65
2024-01-19 22:50,16,65
2024-01-19 23:00,16,65
2024-01-19 23:10,16,65
2024-01-19 23:20,16,65
2024-01-19 23:30,17,53
2024-01-19 23:40,23,54
2024-01-19 23:50,18,57
2024-01-20 00:00,13,60
2024-01-20 00:10,18,63
2024-01-20 00:20,15,64
2024-01-20 00:30,12,65
2024-01-20 00:40,10,68
2024-01-20 00:50,8,71
2024-01-20 01:00,6,74
2024-01-20 01:10,6,66
2024-01-20 01:20,6,57
2024-01-20 01:30,14,70
2024-01-20 01:40,14,65
2024-01-20 01:50,13,60
2024-01-20 02:00,13,55
2024-01-20 02:10,13,56
2024-01-20 02:20,13,56
2024-01-20 02:30,13,57
2024-01-20 02:40,13,58
2024-01-20 02:50,13,58
2024-01-20 03:00,14,59
2024-01-20 03:10,14,60
2024-01-20 03:20,14,60
2024-01-20 03:30,14,61
2024-01-20 03:40,14,62
2024-01-20 03:50,14,62
2024-01-20 04:00,14,60
2024-01-20 04:10,15,58
2024-01-20 04:20,15,56
2024-01-20 04:30,14,57
2024-01-20 04:40,14,58
2024-01-20 04:50,13,59
2024-01-20 05:00,14,62
2024-01-20 05:10,16,64
2024-01-20 05:20,15,63
2024-01-20 05:30,14,61
2024-01-20 05:40,14,61
2024-01-20 05:50,13,61
2024-01-20 06:00,13,61
2024-01-20 06:10,13,61
2024-01-20 06:20,12,61
2024-01-20 06:30,12,61
2024-01-20 06:40,5,67
2024-01-20 06:50,12,75
2024-01-20 07:00,26,61
2024-01-20 07:10,40,47
2024-01-20 07:20,54,33
2024-01-20 07:30,51,32
2024-01-20 07:40,48,31
2024-01-20 07:50,45,30
2024-01-20 08:00,42,29
2024-01-20 08:10,39,28
2024-01-20 08:20,36,26
2024-01-20 08:30,33,25
2024-01-20 08:40,30,24
2024-01-20 08:50,30,26
2024-01-20 09:00,29,28
2024-01-20 09:10,29,30
2024-01-20 09:20,29,32
2024-01-20 09:30,28,34
2024-01-20 09:40,28,36
2024-01-20 09:50,28,38
2024-01-20 10:00,28,41
2024-01-20 10:10,27,43
2024-01-20 10:20,27,45
2024-01-20 10:30,27,47
2024-01-20 10:40,26,49
2024-01-20 10:50,26,51
2024-01-20 11:00,32,47
2024-01-20 11:10,37,44
2024-01-20 11:20,42,40
2024-01-20 11:30,48,37
2024-01-20 11:40,54,33
2024-01-20 11:50,59,29
2024-01-20 12:00,64,26
2024-01-20 12:10,70,22
2024-01-20 12:20,49,18
2024-01-20 12:30,40,29
2024-01-20 12:40,30,40
2024-01-20 12:50,36,37
2024-01-20 13:00,41,34
2024-01-20 13:10,46,31
2024-01-20 13:20,52,28
2024-01-20 13:30,48,36
2024-01-20 13:40,31,37
2024-01-20 13:50,31,37
2024-01-20 14:00,32,37
2024-01-20 14:10,32,38
2024-01-20 14:20,32,38
2024-01-20 14:30,33,38
2024-01-20 14:40,33,38
2024-01-20 14:50,33,39
2024-01-20 15:00,34,39
2024-01-20 15:10,34,39
2024-01-20 15:20,34,39
2024-01-20 15:30,35,40
2024-01-20 15:40,35,40
2024-01-20 15:50,36,40
2024-01-20 16:00,39,34
2024-01-20 16:10,42,27
2024-01-20 16:20,29,48
2024-01-20 16:30,34,48
2024-01-20 16:40,38,47
2024-01-20 16:50,42,44
2024-01-20 17:00,46,41
2024-01-20 17:10,50,37
2024-01-20 17:20,54,34
2024-01-20 17:30,59,31
2024-01-20 17:40,63,27
2024-01-20 17:50,67,24
2024-01-20 18:00,71,21
2024-01-20 18:10,75,18
2024-01-20 18:20,71,15
2024-01-20 18:30,67,13
2024-01-20 18:40,63,10
2024-01-20 18:50,59,13
2024-01-20 19:00,55,16
2024-01-20 19:10,51,20
2024-01-20 19:20,47,23
2024-01-20 19:30,43,26
2024-01-20 19:40,40,29
2024-01-20 19:50,36,33
2024-01-20 20:00,32,36
2024-01-20 20:10,28,39
2024-01-20 20:20,24,42
2024-01-20 20:30,20,46
2024-01-20 20:40,16,49
2024-01-20 20:50,15,52
2024-01-20 21:00,14,56
2024-01-20 21:10,14,59
2024-01-20 21:20,13,62
2024-01-20 21:30,12,66
2024-01-20 21:40,19,68
2024-01-20 21:50,18,67
2024-01-20 22:00,17,67
2024-01-20 22:10,16,67
2024-01-20 22:20,15,67
2024-01-20 22:30,14,67
2024-01-20 22:40,13,67
2024-01-20 22:50,12,67
2024-01-20 23:00,11,67
2024-01-20 23:10,10,67
2024-01-20 23:20,9,66
2024-01-20 23:30,8,66
2024-01-20 23:40,7,66
2024-01-20 23:50,8,61
2024-01-21 00:00,10,63
2024-01-21 00:10,11,64
2024-01-21 00:20,12,66
2024-01-21 00:30,14,68
2024-01-21 00:40,14,70
2024-01-21 00:50,13,72
2024-01-21 01:00,13,74
2024-01-21 01:10,12,76
2024-01-21 01:20,12,79
2024-01-21 01:30,11,78
2024-01-21 01:40,11,76
2024-01-21 01:50,10,75
2024-01-21 02:00,9,74
2024-01-21 02:10,8,73
2024-01-21 02:20,8,72
2024-01-21 02:30,7,71
2024-01-21 02:40,6,70
2024-01-21 02:50,6,69
2024-01-21 03:00,5,68
2024-01-21 03:10,9,66
2024-01-21 03:20,13,63
2024-01-21 03:30,17,61
2024-01-21 03:40,16,62
2024-01-21 03:50,16,62
2024-01-21 04:00,15,62
2024-01-21 04:10,15,61
2024-01-21 04:20,14,59
2024-01-21 04:30,13,61
2024-01-21 04:40,12,63
2024-01-21 04:50,10,65
2024-01-21 05:00,12,53
2024-01-21 05:10,12,59
2024-01-21 05:20,11,66
2024-01-21 05:30,15,60
2024-01-21 05:40,17,58
2024-01-21 05:50,18,57
2024-01-21 06:00,20,55
2024-01-21 06:10,22,53
2024-01-21 06:20,23,52
2024-01-21 06:30,25,50
2024-01-21 06:40,27,48
2024-01-21 06:50,28,46
2024-01-21 07:00,30,45
2024-01-21 07:10,32,43
2024-01-21 07:20,33,41
2024-01-21 07:30,35,40
2024-01-21 07:40,37,38
2024-01-21 07:50,38,36
2024-01-21 08:00,40,34
2024-01-21 08:10,42,33
2024-01-21 08:20,43,31
2024-01-21 08:30,45,29
2024-01-21 08:40,47,28
2024-01-21 08:50,48,26
2024-01-21 09:00,50,24
2024-01-21 09:10,50,24
2024-01-21 09:20,50,25
2024-01-21 09:30,49,25
2024-01-21 09:40,46,29
2024-01-21 09:50,44,33
2024-01-21 10:00,41,37
2024-01-21 10:10,39,41
2024-01-21 10:20,36,45
2024-01-21 10:30,34,49
2024-01-21 10:40,31,53
2024-01-21 10:50,28,56
2024-01-21 11:00,31,42
2024-01-21 11:10,33,28
2024-01-21 11:20,35,29
2024-01-21 11:30,36,30
2024-01-21 11:40,38,31
2024-01-21 11:50,40,32
2024-01-21 12:00,81,44
2024-01-21 12:10,78,41
2024-01-21 12:20,76,38
2024-01-21 12:30,73,35
2024-01-21 12:40,71,32
2024-01-21 12:50,68,29
2024-01-21 13:00,66,26
2024-01-21 13:10,63,23
2024-01-21 13:20,50,32
2024-01-21 13:30,36,41
2024-01-21 13:40,23,50
2024-01-21 13:50,25,48
2024-01-21 14:00,27,46
2024-01-21 14:10,28,44
2024-01-21 14:20,30,43
2024-01-21 14:30,32,41
2024-01-21 14:40,34,39
2024-01-21 14:50,36,37
2024-01-21 15:00,38,35
2024-01-21 15:10,39,33
2024-01-21 15:20,41,32
2024-01-21 15:30,43,30
2024-01-21 15:40,40,31
2024-01-21 15:50,36,32
2024-01-21 16:00,33,33
2024-01-21 16:10,30,34
2024-01-21 16:20,27,35
2024-01-21 16:30,24,36
2024-01-21 16:40,20,37
2024-01-21 16:50,17,38
2024-01-21 17:00,27,34
2024-01-21 17:10,36,29
2024-01-21 17:20,46,25
2024-01-21 17:30,55,21
2024-01-21 17:40,65,17
2024-01-21 17:50,70,13
2024-01-21 18:00,75,10
2024-01-21 18:10,69,13
2024-01-21 18:20,63,16
2024-01-21 18:30,56,18
2024-01-21 18:40,50,21
2024-01-21 18:50,44,24
2024-01-21 19:00,38,27
2024-01-21 19:10,86,10
2024-01-21 19:20,89,12
2024-01-21 19:30,92,15
2024-01-21 19:40,95,17
2024-01-21 19:50,98,20
2024-01-21 20:00,12,54
2024-01-21 20:10,12,54
2024-01-21 20:20,12,54
2024-01-21 20:30,12,54
2024-01-21 20:40,12,54
2024-01-21 20:50,12,54
2024-01-21 21:00,12,54
2024-01-21 21:10,12,54
2024-01-21 21:20,12,54
2024-01-21 21:30,12,54
2024-01-21 21:40,12,54
2024-01-21 21:50,12,54
2024-01-21 22:00,12,55
2024-01-21 22:10,12,55
2024-01-21 22:20,12,55
2024-01-21 22:30,14,59
2024-01-21 22:40,15,64
2024-01-21 22:50,14,68
2024-01-21 23:00,14,72
2024-01-21 23:10,14,66
2024-01-21 23:20,14,60
2024-01-21 23:30,13,54
2024-01-21 23:40,13,48
2024-01-21 23:50,10,56
2024-01-22 00:00,13,54
2024-01-22 00:10,16,52
2024-01-22 00:20,19,50
2024-01-22 00:30,22,48
2024-01-22 00:40,11,50
2024-01-22 00:50,21,52
2024-01-22 01:00,20,63
2024-01-22 01:10,18,74
2024-01-22 01:20,17,74
2024-01-22 01:30,17,74
2024-01-22 01:40,16,74
2024-01-22 01:50,16,74
2024-01-22 02:00,15,74
2024-01-22 02:10,15,74
2024-01-22 02:20,14,74
2024-01-22 02:30,13,74
2024-01-22 02:40,13,75
2024-01-22 02:50,12,75
2024-01-22 03:00,12,75
2024-01-22 03:10,11,75
2024-01-22 03:20,11,75
2024-01-22 03:30,10,75
2024-01-22 03:40,8,61
2024-01-22 03:50,9,59
2024-01-22 04:00,10,57
2024-01-22 04:10,11,55
2024-01-22 04:20,11,52
2024-01-22 04:30,12,50
2024-01-22 04:40,13,48
2024-01-22 04:50,14,46
2024-01-22 05:00,13,53
2024-01-22 05:10,13,60
2024-01-22 05:20,12,67
2024-01-22 05:30,19,63
2024-01-22 05:40,26,59
2024-01-22 05:50,33,55
2024-01-22 06:00,40,52
2024-01-22 06:10,47,48
2024-01-22 06:20,54,44
2024-01-22 06:30,61,40
2024-01-22 06:40,69,36
2024-01-22 06:50,76,33
2024-01-22 07:00,83,29
2024-01-22 07:10,90,25
2024-01-22 07:20,97,21
2024-01-22 07:30,104,18
2024-01-22 07:40,111,14
2024-01-22 07:50,118,10
2024-01-22 08:00,105,14
2024-01-22 08:10,93,17
2024-01-22 08:20,80,21
2024-01-22 08:30,87,15
2024-01-22 08:40,106,17
2024-01-22 08:50,125,19
2024-01-22 09:00,144,21
2024-01-22 09:10,163,23
2024-01-22 09:20,182,25
2024-01-22 09:30,203,21
2024-01-22 09:40,223,17
2024-01-22 09:50,244,12
2024-01-22 10:00,24,52
2024-01-22 10:10,34,40
2024-01-22 10:20,44,29
2024-01-22 10:30,38,34
2024-01-22 10:40,31,39
2024-01-22 10:50,24,44
2024-01-22 11:00,45,33
2024-01-22 11:10,66,21
2024-01-22 11:20,87,10
2024-01-22 11:30,81,16
2024-01-22 11:40,76,21
2024-01-22 11:50,70,27
2024-01-22 12:00,75,21
2024-01-22 12:10,79,22
2024-01-22 12:20,84,22
2024-01-22 12:30,88,23
2024-01-22 12:40,92,23
2024-01-22 12:50,97,24
2024-01-22 13:00,101,24
2024-01-22 13:10,106,25
2024-01-22 13:20,110,25
2024-01-22 13:30,92,29
2024-01-22 13:40,74,33
2024-01-22 13:50,56,37
2024-01-22 14:00,38,41
2024-01-22 14:10,30,41
2024-01-22 14:20,23,40
2024-01-22 14:30,33,38
2024-01-22 14:40,63,37
2024-01-22 14:50,67,31
2024-01-22 15:00,72,30
2024-01-22 15:10,76,30
2024-01-22 15:20,81,29
2024-01-22 15:30,85,28
2024-01-22 15:40,90,28
2024-01-22 15:50,94,27
2024-01-22 16:00,99,26
2024-01-22 16:10,104,26
2024-01-22 16:20,108,25
2024-01-22 16:30,113,24
2024-01-22 16:40,117,24
2024-01-22 16:50,122,23
2024-01-22 17:00,126,22
2024-01-22 17:10,131,22
2024-01-22 17:20,135,21
2024-01-22 17:30,140,20
2024-01-22 17:40,145,20
2024-01-22 17:50,149,19
2024-01-22 18:00,154,19
2024-01-22 18:10,158,18
2024-01-22 18:20,163,17
2024-01-22 18:30,167,17
2024-01-22 18:40,172,16
2024-01-22 18:50,180,15
2024-01-22 19:00,189,14
2024-01-22 19:10,198,13
2024-01-22 19:20,206,12
2024-01-22 19:30,214,11
2024-01-22 19:40,223,10
2024-01-22 19:50,193,15
2024-01-22 20:00,164,20
2024-01-22 20:10,134,25
2024-01-22 20:20,104,30
2024-01-22 20:30,74,35
2024-01-22 20:40,45,41
2024-01-22 20:50,15,46
2024-01-22 21:00,15,50
2024-01-22 21:10,15,55
2024-01-22 21:20,15,59
2024-01-22 21:30,15,64
2024-01-22 21:40,13,62
2024-01-22 21:50,11,60
2024-01-22 22:00,9,57
2024-01-22 22:10,11,60
2024-01-22 22:20,13,62
2024-01-22 22:30,15,64
2024-01-22 22:40,15,65
2024-01-22 22:50,14,66
2024-01-22 23:00,14,68
2024-01-22 23:10,14,69
2024-01-22 23:20,13,70
2024-01-22 23:30,13,71
2024-01-22 23:40,13,70
2024-01-22 23:50,13,68
2024-01-23 00:00,13,67
2024-01-23 00:10,13,66
2024-01-23 00:20,13,65
2024-01-23 00:30,12,68
2024-01-23 00:40,11,71
2024-01-23 00:50,10,75
2024-01-23 01:00,9,78
2024-01-23 01:10,8,82
2024-01-23 01:20,12,73
2024-01-23 01:30,17,64
2024-01-23 01:40,21,55
2024-01-23 01:50,20,55
2024-01-23 02:00,20,55
2024-01-23 02:10,19,55
2024-01-23 02:20,18,55
2024-01-23 02:30,17,58
2024-01-23 02:40,16,61
2024-01-23 02:50,15,64
2024-01-23 03:00,24,57
2024-01-23 03:10,22,60
2024-01-23 03:20,21,63
2024-01-23 03:30,19,66
2024-01-23 03:40,18,68
2024-01-23 03:50,16,70
2024-01-23 04:00,14,72
2024-01-23 04:10,13,74
2024-01-23 04:20,15,81
2024-01-23 04:30,16,75
2024-01-23 04:40,16,69
2024-01-23 04:50,17,62
2024-01-23 05:00,18,56
2024-01-23 05:10,17,58
2024-01-23 05:20,17,60
2024-01-23 05:30,16,61
2024-01-23 05:40,15,57
2024-01-23 05:50,14,52
2024-01-23 06:00,13,48
2024-01-23 06:10,35,43
2024-01-23 06:20,57,37
2024-01-23 06:30,79,32
2024-01-23 06:40,102,26
2024-01-23 06:50,124,21
2024-01-23 07:00,146,15
2024-01-23 07:10,168,10
2024-01-23 07:20,150,10
2024-01-23 07:30,132,10
2024-01-23 07:40,107,20
2024-01-23 07:50,82,29
2024-01-23 08:00,94,27
2024-01-23 08:10,107,24
2024-01-23 08:20,119,22
2024-01-23 08:30,131,19
2024-01-23 08:40,144,17
2024-01-23 08:50,156,15
2024-01-23 09:00,35,32
2024-01-23 09:10,83,21
2024-01-23 09:20,131,10
2024-01-23 09:30,128,10
2024-01-23 09:40,125,10
2024-01-23 09:50,122,10
2024-01-23 10:00,90,20
2024-01-23 10:10,58,29
2024-01-23 10:20,58,29
2024-01-23 10:30,59,29
2024-01-23 10:40,59,30
2024-01-23 10:50,60,30
2024-01-23 11:00,60,30
2024-01-23 11:10,50,32
2024-01-23 11:20,39,34
2024-01-23 11:30,41,32
2024-01-23 11:40,46,30
2024-01-23 11:50,52,28
2024-01-23 12:00,58,27
2024-01-23 12:10,63,25
2024-01-23 12:20,68,23
2024-01-23 12:30,74,22
2024-01-23 12:40,80,20
2024-01-23 12:50,85,19
2024-01-23 13:00,90,17
2024-01-23 13:10,96,15
2024-01-23 13:20,88,18
2024-01-23 13:30,80,21
2024-01-23 13:40,72,24
2024-01-23 13:50,64,27
2024-01-23 14:00,56,30
2024-01-23 14:10,55,30
2024-01-23 14:20,54,31
2024-01-23 14:30,53,32
2024-01-23 14:40,53,33
2024-01-23 14:50,52,34
2024-01-23 15:00,51,34
2024-01-23 15:10,50,35
2024-01-23 15:20,50,33
2024-01-23 15:30,49,31
2024-01-23 15:40,49,30
2024-01-23 15:50,48,28
2024-01-23 16:00,46,27
2024-01-23 16:10,38,33
2024-01-23 16:20,30,38
2024-01-23 16:30,39,34
2024-01-23 16:40,49,31
2024-01-23 16:50,58,28
2024-01-23 17:00,68,24
2024-01-23 17:10,77,21
2024-01-23 17:20,87,18
2024-01-23 17:30,96,14
2024-01-23 17:40,113,28
2024-01-23 17:50,106,30
2024-01-23 18:00,100,32
2024-01-23 18:10,93,34
2024-01-23 18:20,86,36
2024-01-23 18:30,79,38
2024-01-23 18:40,73,40
2024-01-23 18:50,66,42
2024-01-23 19:00,59,44
2024-01-23 19:10,53,46
2024-01-23 19:20,46,48
2024-01-23 19:30,39,50
2024-01-23 19:40,32,52
2024-01-23 19:50,26,54
2024-01-23 20:00,19,56
2024-01-23 20:10,14,68
2024-01-23 20:20,15,68
2024-01-23 20:30,16,67
2024-01-23 20:40,17,67
2024-01-23 20:50,18,66
2024-01-23 21:00,19,66
2024-01-23 21:10,20,65
2024-01-23 21:20,21,65
2024-01-23 21:30,22,64
2024-01-23 21:40,20,63
2024-01-23 21:50,18,61
2024-01-23 22:00,16,60
2024-01-23 22:10,14,58
2024-01-23 22:20,12,57
2024-01-23 22:30,9,57
2024-01-23 22:40,17,60
2024-01-23 22:50,16,62
2024-01-23 23:00,16,65
2024-01-23 23:10,15,67
2024-01-23 23:20,14,70
2024-01-23 23:30,14,72
2024-01-23 23:40,13,75
2024-01-23 23:50,13,77
2024-01-24 00:00,12,80
2024-01-24 00:10,15,68
2024-01-24 00:20,19,55
2024-01-24 00:30,22,43
2024-01-24 00:40,18,48
2024-01-24 00:50,15,52
2024-01-24 01:00,15,52
2024-01-24 01:10,15,53
2024-01-24 01:20,15,53
2024-01-24 01:30,15,54
2024-01-24 01:40,15,54
2024-01-24 01:50,15,55
2024-01-24 02:00,15,55
2024-01-24 02:10,15,56
2024-01-24 02:20,18,54
2024-01-24 02:30,20,52
2024-01-24 02:40,23,50
2024-01-24 02:50,26,48
2024-01-24 03:00,18,52
2024-01-24 03:10,11,56
2024-01-24 03:20,12,55
2024-01-24 03:30,12,55
2024-01-24 03:40,12,55
2024-01-24 03:50,13,54
2024-01-24 04:00,14,54
2024-01-24 04:10,14,54
2024-01-24 04:20,16,52
2024-01-24 04:30,18,49
2024-01-24 04:40,20,47
2024-01-24 04:50,22,45
2024-01-24 05:00,24,42
2024-01-24 05:10,23,53
2024-01-24 05:20,22,64
2024-01-24 05:30,18,54
2024-01-24 05:40,20,52
2024-01-24 05:50,22,50
2024-01-24 06:00,24,48
2024-01-24 06:10,27,46
2024-01-24 06:20,29,44
2024-01-24 06:30,31,42
2024-01-24 06:40,33,39
2024-01-24 06:50,35,37
2024-01-24 07:00,38,35
2024-01-24 07:10,40,33
2024-01-24 07:20,42,31
2024-01-24 07:30,44,29
2024-01-24 07:40,76,19
2024-01-24 07:50,109,10
2024-01-24 08:00,108,10
2024-01-24 08:10,107,10
2024-01-24 08:20,105,10
2024-01-24 08:30,104,10
2024-01-24 08:40,103,10
2024-01-24 08:50,102,11
2024-01-24 09:00,101,11
2024-01-24 09:10,99,11
2024-01-24 09:20,98,11
2024-01-24 09:30,97,11
2024-01-24 09:40,134,13
2024-01-24 09:50,171,15
2024-01-24 10:00,147,16
2024-01-24 10:10,123,18
2024-01-24 10:20,99,19
2024-01-24 10:30,75,21
2024-01-24 10:40,52,22
2024-01-24 10:50,55,22
2024-01-24 11:00,58,21
2024-01-24 11:10,61,21
2024-01-24 11:20,64,20
2024-01-24 11:30,67,20
2024-01-24 11:40,70,20
2024-01-24 11:50,73,19
2024-01-24 12:00,76,19
2024-01-24 12:10,79,18
2024-01-24 12:20,82,18
2024-01-24 12:30,85,17
2024-01-24 12:40,88,17
2024-01-24 12:50,91,16
2024-01-24 13:00,94,16
2024-01-24 13:10,97,15
2024-01-24 13:20,100,15
2024-01-24 13:30,103,14
2024-01-24 13:40,106,14
2024-01-24 13:50,109,14
2024-01-24 14:00,104,16
2024-01-24 14:10,99,19
2024-01-24 14:20,94,22
2024-01-24 14:30,88,25
2024-01-24 14:40,83,27
2024-01-24 14:50,78,30
2024-01-24 15:00,73,33
2024-01-24 15:10,68,36
2024-01-24 15:20,62,38
2024-01-24 15:30,57,41
2024-01-24 15:40,52,44
2024-01-24 15:50,47,47
2024-01-24 16:00,38,41
2024-01-24 16:10,29,35
2024-01-24 16:20,20,30
2024-01-24 16:30,31,33
2024-01-24 16:40,42,37
2024-01-24 16:50,52,41
2024-01-24 17:00,206,14
2024-01-24 17:10,190,18
2024-01-24 17:20,174,21
2024-01-24 17:30,157,24
2024-01-24 17:40,141,28
2024-01-24 17:50,150,26
2024-01-24 18:00,158,25
2024-01-24 18:10,166,24
2024-01-24 18:20,175,23
2024-01-24 18:30,184,22
2024-01-24 18:40,192,21
2024-01-24 18:50,200,20
2024-01-24 19:00,209,18
2024-01-24 19:10,192,18
2024-01-24 19:20,175,18
2024-01-24 19:30,158,18
2024-01-24 19:40,168,20
2024-01-24 19:50,179,21
2024-01-24 20:00,13,42
2024-01-24 20:10,14,49
2024-01-24 20:20,14,56
2024-01-24 20:30,15,64
2024-01-24 20:40,16,71
2024-01-24 20:50,16,69
2024-01-24 21:00,16,67
2024-01-24 21:10,16,66
2024-01-24 21:20,16,64
2024-01-24 21:30,17,62
2024-01-24 21:40,17,61
2024-01-24 21:50,17,59
2024-01-24 22:00,17,58
2024-01-24 22:10,12,63
2024-01-24 22:20,18,63
2024-01-24 22:30,23,64
2024-01-24 22:40,29,64
2024-01-24 22:50,19,47
2024-01-24 23:00,17,52
2024-01-24 23:10,15,56
2024-01-24 23:20,13,60
2024-01-24 23:30,14,61
2024-01-24 23:40,14,62
2024-01-24 23:50,15,63
2024-01-25 00:00,16,64
2024-01-25 00:10,16,61
2024-01-25 00:20,17,59
2024-01-25 00:30,18,56
2024-01-25 00:40,18,53
2024-01-25 00:50,19,47
2024-01-25 01:00,17,58
2024-01-25 01:10,17,58
2024-01-25 01:20,18,59
2024-01-25 01:30,18,60
2024-01-25 01:40,18,64
2024-01-25 01:50,18,67
2024-01-25 02:00,18,71
2024-01-25 02:10,17,75
2024-01-25 02:20,17,79
2024-01-25 02:30,17,82
2024-01-25 02:40,18,80
2024-01-25 02:50,18,77
2024-01-25 03:00,19,74
2024-01-25 03:10,20,71
2024-01-25 03:20,21,69
2024-01-25 03:30,21,66
2024-01-25 03:40,22,63
2024-01-25 03:50,23,60
2024-01-25 04:00,24,57
2024-01-25 04:10,24,61
2024-01-25 04:20,25,64
2024-01-25 04:30,25,67
2024-01-25 04:40,26,71
2024-01-25 04:50,20,68
2024-01-25 05:00,14,65
2024-01-25 05:10,23,45
2024-01-25 05:20,19,49
2024-01-25 05:30,15,53
2024-01-25 05:40,12,57
2024-01-25 05:50,14,56
2024-01-25 06:00,16,55
2024-01-25 06:10,18,55
2024-01-25 06:20,20,54
2024-01-25 06:30,47,45
2024-01-25 06:40,74,36
2024-01-25 06:50,101,27
2024-01-25 07:00,128,19
2024-01-25 07:10,155,10
2024-01-25 07:20,127,11
2024-01-25 07:30,100,12
2024-01-25 07:40,72,13
2024-01-25 07:50,134,18
2024-01-25 08:00,197,24
2024-01-25 08:10,168,21
2024-01-25 08:20,139,18
2024-01-25 08:30,110,15
2024-01-25 08:40,125,14
2024-01-25 08:50,140,13
2024-01-25 09:00,155,13
2024-01-25 09:10,170,12
2024-01-25 09:20,163,13
2024-01-25 09:30,156,13
2024-01-25 09:40,150,10
2024-01-25 09:50,98,24
2024-01-25 10:00,68,31
2024-01-25 10:10,37,38
2024-01-25 10:20,39,33
2024-01-25 10:30,41,29
2024-01-25 10:40,43,24
2024-01-25 10:50,45,20
2024-01-25 11:00,51,20
2024-01-25 11:10,56,20
2024-01-25 11:20,62,20
2024-01-25 11:30,68,20
2024-01-25 11:40,72,21
2024-01-25 11:50,77,23
2024-01-25 12:00,73,28
2024-01-25 12:10,69,33
2024-01-25 12:20,66,38
2024-01-25 12:30,62,43
2024-01-25 12:40,58,48
2024-01-25 12:50,54,53
2024-01-25 13:00,51,52
2024-01-25 13:10,48,51
2024-01-25 13:20,75,33
2024-01-25 13:30,96,14
2024-01-25 13:40,86,22
2024-01-25 13:50,76,31
2024-01-25 14:00,70,28
2024-01-25 14:10,63,25
2024-01-25 14:20,57,22
2024-01-25 14:30,57,24
2024-01-25 14:40,57,25
2024-01-25 14:50,58,27
2024-01-25 15:00,58,28
2024-01-25 15:10,58,30
2024-01-25 15:20,58,32
2024-01-25 15:30,58,33
2024-01-25 15:40,59,34
2024-01-25 15:50,59,35
2024-01-25 16:00,59,35
2024-01-25 16:10,59,36
2024-01-25 16:20,59,37
2024-01-25 16:30,60,38
2024-01-25 16:40,60,39
2024-01-25 16:50,60,39
2024-01-25 17:00,101,30
2024-01-25 17:10,142,20
2024-01-25 17:20,148,19
2024-01-25 17:30,153,18
2024-01-25 17:40,159,17
2024-01-25 17:50,164,16
2024-01-25 18:00,170,15
2024-01-25 18:10,175,14
2024-01-25 18:20,181,13
2024-01-25 18:30,186,12
2024-01-25 18:40,192,11
2024-01-25 18:50,198,10
2024-01-25 19:00,146,19
2024-01-25 19:10,124,26
2024-01-25 19:20,102,33
2024-01-25 19:30,80,41
2024-01-25 19:40,57,48
2024-01-25 19:50,35,55
2024-01-25 20:00,13,62
2024-01-25 20:10,13,62
2024-01-25 20:20,13,62
2024-01-25 20:30,14,63
2024-01-25 20:40,14,63
2024-01-25 20:50,14,63
2024-01-25 21:00,14,63
2024-01-25 21:10,19,55
2024-01-25 21:20,24,47
2024-01-25 21:30,29,40
2024-01-25 21:40,26,46
2024-01-25 21:50,22,53
2024-01-25 22:00,19,59
2024-01-25 22:10,16,66
2024-01-25 22:20,18,66
2024-01-25 22:30,19,66
2024-01-25 22:40,20,65
2024-01-25 22:50,22,65
2024-01-25 23:00,20,56
2024-01-25 23:10,17,47
2024-01-25 23:20,19,48
2024-01-25 23:30,21,49
2024-01-25 23:40,23,50
2024-01-25 23:50,25,51
2024-01-26 00:00,27,52
2024-01-26 00:10,12,68
2024-01-26 00:20,13,63
2024-01-26 00:30,13,62
2024-01-26 00:40,14,62
2024-01-26 00:50,14,62
2024-01-26 01:00,14,60
2024-01-26 01:10,14,58
2024-01-26 01:20,14,56
2024-01-26 01:30,14,54
2024-01-26 01:40,15,51
2024-01-26 01:50,15,49
2024-01-26 02:00,15,47
2024-01-26 02:10,15,45
2024-01-26 02:20,24,66
2024-01-26 02:30,19,58
2024-01-26 02:40,15,51
2024-01-26 02:50,10,43
2024-01-26 03:00,11,45
2024-01-26 03:10,13,47
2024-01-26 03:20,14,48
2024-01-26 03:30,15,50
2024-01-26 03:40,17,51
2024-01-26 03:50,18,53
2024-01-26 04:00,19,55
2024-01-26 04:10,21,56
2024-01-26 04:20,22,58
2024-01-26 04:30,18,57
2024-01-26 04:40,15,55
2024-01-26 04:50,16,51
2024-01-26 05:00,22,51
2024-01-26 05:10,29,52
2024-01-26 05:20,15,54
2024-01-26 05:30,24,58
2024-01-26 05:40,23,60
2024-01-26 05:50,23,63
2024-01-26 06:00,23,65
2024-01-26 06:10,23,67
2024-01-26 06:20,19,64
2024-01-26 06:30,42,55
2024-01-26 06:40,65,46
2024-01-26 06:50,87,37
2024-01-26 07:00,110,28
2024-01-26 07:10,133,19
2024-01-26 07:20,124,17
2024-01-26 07:30,116,15
2024-01-26 07:40,63,28
2024-01-26 07:50,58,26
2024-01-26 08:00,66,24
2024-01-26 08:10,74,21
2024-01-26 08:20,82,18
2024-01-26 08:30,90,15
2024-01-26 08:40,98,13
2024-01-26 08:50,106,10
2024-01-26 09:00,107,12
2024-01-26 09:10,108,14
2024-01-26 09:20,110,16
2024-01-26 09:30,111,18
2024-01-26 09:40,112,20
2024-01-26 09:50,113,22
2024-01-26 10:00,100,25
2024-01-26 10:10,87,29
2024-01-26 10:20,74,33
2024-01-26 10:30,60,37
2024-01-26 10:40,47,41
2024-01-26 10:50,34,45
2024-01-26 11:00,52,38
2024-01-26 11:10,70,32
2024-01-26 11:20,88,26
2024-01-26 11:30,68,30
2024-01-26 11:40,49,34
2024-01-26 11:50,29,38
2024-01-26 12:00,34,38
2024-01-26 12:10,40,38
2024-01-26 12:20,45,38
2024-01-26 12:30,51,39
2024-01-26 12:40,56,39
2024-01-26 12:50,62,39
2024-01-26 13:00,67,40
2024-01-26 13:10,71,12
2024-01-26 13:20,70,13
2024-01-26 13:30,69,14
2024-01-26 13:40,68,16
2024-01-26 13:50,67,17
2024-01-26 14:00,66,18
2024-01-26 14:10,65,20
2024-01-26 14:20,64,21
2024-01-26 14:30,63,23
2024-01-26 14:40,62,24
2024-01-26 14:50,61,25
2024-01-26 15:00,60,27
2024-01-26 15:10,59,28
2024-01-26 15:20,57,31
2024-01-26 15:30,54,33
2024-01-26 15:40,52,36
2024-01-26 15:50,50,38
2024-01-26 16:00,47,41
2024-01-26 16:10,45,43
2024-01-26 16:20,42,46
2024-01-26 16:30,40,48
2024-01-26 16:40,48,39
2024-01-26 16:50,56,29
2024-01-26 17:00,107,24
2024-01-26 17:10,158,19
2024-01-26 17:20,209,14
2024-01-26 17:30,192,14
2024-01-26 17:40,175,14
2024-01-26 17:50,158,13
2024-01-26 18:00,142,13
2024-01-26 18:10,125,13
2024-01-26 18:20,108,13
2024-01-26 18:30,91,12
2024-01-26 18:40,74,12
2024-01-26 18:50,68,17
2024-01-26 19:00,61,22
2024-01-26 19:10,55,27
2024-01-26 19:20,48,33
2024-01-26 19:30,42,38
2024-01-26 19:40,35,43
2024-01-26 19:50,29,48
2024-01-26 20:00,22,53
2024-01-26 20:10,16,58
2024-01-26 20:20,14,53
2024-01-26 20:30,12,48
2024-01-26 20:40,16,49
2024-01-26 20:50,20,51
2024-01-26 21:00,18,65
2024-01-26 21:10,21,60
2024-01-26 21:20,23,55
2024-01-26 21:30,26,50
2024-01-26 21:40,24,52
2024-01-26 21:50,21,54
2024-01-26 22:00,11,62
2024-01-26 22:10,17,53
2024-01-26 22:20,24,51
2024-01-26 22:30,32,48
2024-01-26 22:40,29,52
2024-01-26 22:50,26,56
2024-01-26 23:00,22,61
2024-01-26 23:10,19,65
2024-01-26 23:20,16,69
2024-01-26 23:30,16,64
2024-01-26 23:40,16,60
2024-01-26 23:50,15,55
2024-01-27 00:00,15,50
2024-01-27 00:10,14,56
2024-01-27 00:20,12,62
2024-01-27 00:30,10,68
2024-01-27 00:40,9,75
2024-01-27 00:50,9,73
2024-01-27 01:00,9,72
2024-01-27 01:10,8,70
2024-01-27 01:20,8,69
2024-01-27 01:30,8,67
2024-01-27 01:40,8,66
2024-01-27 01:50,8,64
2024-01-27 02:00,8,63
2024-01-27 02:10,7,61
2024-01-27 02:20,7,60
2024-01-27 02:30,7,58
2024-01-27 02:40,9,61
2024-01-27 02:50,10,64
2024-01-27 03:00,12,66
2024-01-27 03:10,14,69
2024-01-27 03:20,13,66
2024-01-27 03:30,12,62
2024-01-27 03:40,12,59
2024-01-27 03:50,11,56
2024-01-27 04:00,13,72
2024-01-27 04:10,13,72
2024-01-27 04:20,13,71
2024-01-27 04:30,14,71
2024-01-27 04:40,14,70
2024-01-27 04:50,14,70
2024-01-27 05:00,14,70
2024-01-27 05:10,14,69
2024-01-27 05:20,14,69
2024-01-27 05:30,14,68
2024-01-27 05:40,15,68
2024-01-27 05:50,15,68
2024-01-27 06:00,15,67
2024-01-27 06:10,15,63
2024-01-27 06:20,15,58
2024-01-27 06:30,15,54
2024-01-27 06:40,12,74
2024-01-27 06:50,20,51
2024-01-27 07:00,29,28
2024-01-27 07:10,31,26
2024-01-27 07:20,33,24
2024-01-27 07:30,35,23
2024-01-27 07:40,38,21
2024-01-27 07:50,40,20
2024-01-27 08:00,42,18
2024-01-27 08:10,44,16
2024-01-27 08:20,46,15
2024-01-27 08:30,43,34
2024-01-27 08:40,45,31
2024-01-27 08:50,47,29
2024-01-27 09:00,49,26
2024-01-27 09:10,51,24
2024-01-27 09:20,53,21
2024-01-27 09:30,54,22
2024-01-27 09:40,55,23
2024-01-27 09:50,56,24
2024-01-27 10:00,58,25
2024-01-27 10:10,59,26
2024-01-27 10:20,60,27
2024-01-27 10:30,61,27
2024-01-27 10:40,63,27
2024-01-27 10:50,64,26
2024-01-27 11:00,66,26
2024-01-27 11:10,67,26
2024-01-27 11:20,60,27
2024-01-27 11:30,53,27
2024-01-27 11:40,43,30
2024-01-27 11:50,33,33
2024-01-27 12:00,23,36
2024-01-27 12:10,20,36
2024-01-27 12:20,18,37
2024-01-27 12:30,16,38
2024-01-27 12:40,13,39
2024-01-27 12:50,10,39
2024-01-27 13:00,8,40
2024-01-27 13:10,32,35
2024-01-27 13:20,56,30
2024-01-27 13:30,67,22
2024-01-27 13:40,56,27
2024-01-27 13:50,45,32
2024-01-27 14:00,44,34
2024-01-27 14:10,43,36
2024-01-27 14:20,42,38
2024-01-27 14:30,41,40
2024-01-27 14:40,40,42
2024-01-27 14:50,39,44
2024-01-27 15:00,38,46
2024-01-27 15:10,37,48
2024-01-27 15:20,36,50
2024-01-27 15:30,37,46
2024-01-27 15:40,39,41
2024-01-27 15:50,40,37
2024-01-27 16:00,32,59
2024-01-27 16:10,35,52
2024-01-27 16:20,39,45
2024-01-27 16:30,42,38
2024-01-27 16:40,46,34
2024-01-27 16:50,49,31
2024-01-27 17:00,53,28
2024-01-27 17:10,57,24
2024-01-27 17:20,60,21
2024-01-27 17:30,64,18
2024-01-27 17:40,56,20
2024-01-27 17:50,47,22
2024-01-27 18:00,39,24
2024-01-27 18:10,45,25
2024-01-27 18:20,52,26
2024-01-27 18:30,58,26
2024-01-27 18:40,64,27
2024-01-27 18:50,84,30
2024-01-27 19:00,86,26
2024-01-27 19:10,88,21
2024-01-27 19:20,90,16
2024-01-27 19:30,92,11
2024-01-27 19:40,54,17
2024-01-27 19:50,50,22
2024-01-27 20:00,46,28
2024-01-27 20:10,42,33
2024-01-27 20:20,38,38
2024-01-27 20:30,34,43
2024-01-27 20:40,31,49
2024-01-27 20:50,27,54
2024-01-27 21:00,23,59
2024-01-27 21:10,19,65
2024-01-27 21:20,15,70
2024-01-27 21:30,13,60
2024-01-27 21:40,11,62
2024-01-27 21:50,10,60
2024-01-27 22:00,10,60
2024-01-27 22:10,11,60
2024-01-27 22:20,11,60
2024-01-27 22:30,11,60
2024-01-27 22:40,11,60
2024-01-27 22:50,12,60
2024-01-27 23:00,12,60
2024-01-27 23:10,12,60
2024-01-27 23:20,12,60
2024-01-27 23:30,13,60
2024-01-27 23:40,13,60
2024-01-27 23:50,10,61
2024-01-28 00:00,8,62
2024-01-28 00:10,5,64
2024-01-28 00:20,8,66
2024-01-28 00:30,10,69
2024-01-28 00:40,12,72
2024-01-28 00:50,15,75
2024-01-28 01:00,14,70
2024-01-28 01:10,14,66
2024-01-28 01:20,14,62
2024-01-28 01:30,13,58
2024-01-28 01:40,12,56
2024-01-28 01:50,12,55
2024-01-28 02:00,11,53
2024-01-28 02:10,11,52
2024-01-28 02:20,10,51
2024-01-28 02:30,12,57
2024-01-28 02:40,13,64
2024-01-28 02:50,7,54
2024-01-28 03:00,8,64
2024-01-28 03:10,16,65
2024-01-28 03:20,14,65
2024-01-28 03:30,12,66
2024-01-28 03:40,10,66
2024-01-28 03:50,11,67
2024-01-28 04:00,11,67
2024-01-28 04:10,12,67
2024-01-28 04:20,13,67
2024-01-28 04:30,13,67
2024-01-28 04:40,14,68
2024-01-28 04:50,15,68
2024-01-28 05:00,15,68
2024-01-28 05:10,16,68
2024-01-28 05:20,17,68
2024-01-28 05:30,17,68
2024-01-28 05:40,18,69
2024-01-28 05:50,16,69
2024-01-28 06:00,14,70
2024-01-28 06:10,13,71
2024-01-28 06:20,11,72
2024-01-28 06:30,9,73
2024-01-28 06:40,15,55
2024-01-28 06:50,22,37
2024-01-28 07:00,28,20
2024-01-28 07:10,27,21
2024-01-28 07:20,26,22
2024-01-28 07:30,25,23
2024-01-28 07:40,24,25
2024-01-28 07:50,23,26
2024-01-28 08:00,22,27
2024-01-28 08:10,21,28
2024-01-28 08:20,20,30
2024-01-28 08:30,19,31
2024-01-28 08:40,18,32
2024-01-28 08:50,29,37
2024-01-28 09:00,40,42
2024-01-28 09:10,38,33
2024-01-28 09:20,36,24
2024-01-28 09:30,34,15
2024-01-28 09:40,68,17
2024-01-28 09:50,48,28
2024-01-28 10:00,28,39
2024-01-28 10:10,32,43
2024-01-28 10:20,35,48
2024-01-28 10:30,38,52
2024-01-28 10:40,38,47
2024-01-28 10:50,39,42
2024-01-28 11:00,40,40
2024-01-28 11:10,41,38
2024-01-28 11:20,42,36
2024-01-28 11:30,43,34
2024-01-28 11:40,49,33
2024-01-28 11:50,56,32
2024-01-28 12:00,62,30
2024-01-28 12:10,52,38
2024-01-28 12:20,50,38
2024-01-28 12:30,49,38
2024-01-28 12:40,47,39
2024-01-28 12:50,46,39
2024-01-28 13:00,44,39
2024-01-28 13:10,43,40
2024-01-28 13:20,41,40
2024-01-28 13:30,40,40
2024-01-28 13:40,38,41
2024-01-28 13:50,37,41
2024-01-28 14:00,35,42
2024-01-28 14:10,34,42
2024-01-28 14:20,32,42
2024-01-28 14:30,31,43
2024-01-28 14:40,29,43
2024-01-28 14:50,28,43
2024-01-28 15:00,26,44
2024-01-28 15:10,25,44
2024-01-28 15:20,23,44
2024-01-28 15:30,25,45
2024-01-28 15:40,26,45
2024-01-28 15:50,28,45
2024-01-28 16:00,30,45
2024-01-28 16:10,34,39
2024-01-28 16:20,38,34
2024-01-28 16:30,43,29
2024-01-28 16:40,47,23
2024-01-28 16:50,52,18
2024-01-28 17:00,56,13
2024-01-28 17:10,60,12
2024-01-28 17:20,63,12
2024-01-28 17:30,67,12
2024-01-28 17:40,70,12
2024-01-28 17:50,74,12
2024-01-28 18:00,78,12
2024-01-28 18:10,81,11
2024-01-28 18:20,85,11
2024-01-28 18:30,89,11
2024-01-28 18:40,92,11
2024-01-28 18:50,96,11
2024-01-28 19:00,100,11
2024-01-28 19:10,103,10
2024-01-28 19:20,107,10
2024-01-28 19:30,110,10
2024-01-28 19:40,114,10
2024-01-28 19:50,107,13
2024-01-28 20:00,100,15
2024-01-28 20:10,93,18
2024-01-28 20:20,87,20
2024-01-28 20:30,80,23
2024-01-28 20:40,73,25
2024-01-28 20:50,66,28
2024-01-28 21:00,59,31
2024-01-28 21:10,52,33
2024-01-28 21:20,45,36
2024-01-28 21:30,38,38
2024-01-28 21:40,32,41
2024-01-28 21:50,25,44
2024-01-28 22:00,18,46
2024-01-28 22:10,11,49
2024-01-28 22:20,11,53
2024-01-28 22:30,11,57
2024-01-28 22:40,10,61
2024-01-28 22:50,10,66
2024-01-28 23:00,10,70
2024-01-28 23:10,10,67
2024-01-28 23:20,10,64
2024-01-28 23:30,10,60
2024-01-28 23:40,13,57
2024-01-28 23:50,16,54
2024-01-29 00:00,20,51
2024-01-29 00:10,23,48
2024-01-29 00:20,23,48
2024-01-29 00:30,23,49
2024-01-29 00:40,23,50
2024-01-29 00:50,23,50
2024-01-29 01:00,23,51
2024-01-29 01:10,23,52
2024-01-29 01:20,23,52
2024-01-29 01:30,23,53
2024-01-29 01:40,23,54
2024-01-29 01:50,23,54
2024-01-29 02:00,23,55
2024-01-29 02:10,22,55
2024-01-29 02:20,22,54
2024-01-29 02:30,22,53
2024-01-29 02:40,22,52
2024-01-29 02:50,22,51
2024-01-29 03:00,22,50
2024-01-29 03:10,9,54
2024-01-29 03:20,10,54
2024-01-29 03:30,11,55
2024-01-29 03:40,13,55
2024-01-29 03:50,14,56
2024-01-29 04:00,15,56
2024-01-29 04:10,16,57
2024-01-29 04:20,17,57
2024-01-29 04:30,18,58
2024-01-29 04:40,20,59
2024-01-29 04:50,21,59
2024-01-29 05:00,22,60
2024-01-29 05:10,20,60
2024-01-29 05:20,19,61
2024-01-29 05:30,17,62
2024-01-29 05:40,15,62
2024-01-29 05:50,14,63
2024-01-29 06:00,12,64
2024-01-29 06:10,17,62
2024-01-29 06:20,14,62
2024-01-29 06:30,12,62
2024-01-29 06:40,44,54
2024-01-29 06:50,76,45
2024-01-29 07:00,108,37
2024-01-29 07:10,140,29
2024-01-29 07:20,172,21
2024-01-29 07:30,171,20
2024-01-29 07:40,170,20
2024-01-29 07:50,168,20
2024-01-29 08:00,167,19
2024-01-29 08:10,166,19
2024-01-29 08:20,165,19
2024-01-29 08:30,164,19
2024-01-29 08:40,162,18
2024-01-29 08:50,161,18
2024-01-29 09:00,160,18
2024-01-29 09:10,152,20
2024-01-29 09:20,134,21
2024-01-29 09:30,115,23
2024-01-29 09:40,97,25
2024-01-29 09:50,78,27
2024-01-29 10:00,60,28
2024-01-29 10:10,39,33
2024-01-29 10:20,36,35
2024-01-29 10:30,34,38
2024-01-29 10:40,32,41
2024-01-29 10:50,29,43
2024-01-29 11:00,32,42
2024-01-29 11:10,35,42
2024-01-29 11:20,37,41
2024-01-29 11:30,40,41
2024-01-29 11:40,43,40
2024-01-29 11:50,46,39
2024-01-29 12:00,49,39
2024-01-29 12:10,52,38
2024-01-29 12:20,54,38
2024-01-29 12:30,57,37
2024-01-29 12:40,60,36
2024-01-29 12:50,66,28
2024-01-29 13:00,71,20
2024-01-29 13:10,76,15
2024-01-29 13:20,82,10
2024-01-29 13:30,73,20
2024-01-29 13:40,62,27
2024-01-29 13:50,52,35
2024-01-29 14:00,42,42
2024-01-29 14:10,31,50
2024-01-29 14:20,38,46
2024-01-29 14:30,39,45
2024-01-29 14:40,40,45
2024-01-29 14:50,41,44
2024-01-29 15:00,43,44
2024-01-29 15:10,44,43
2024-01-29 15:20,45,43
2024-01-29 15:30,46,42
2024-01-29 15:40,44,43
2024-01-29 15:50,43,44
2024-01-29 16:00,41,45
2024-01-29 16:10,47,43
2024-01-29 16:20,54,41
2024-01-29 16:30,60,39
2024-01-29 16:40,66,37
2024-01-29 16:50,72,36
2024-01-29 17:00,78,34
2024-01-29 17:10,85,32
2024-01-29 17:20,91,30
2024-01-29 17:30,97,28
2024-01-29 17:40,104,26
2024-01-29 17:50,110,24
2024-01-29 18:00,116,22
2024-01-29 18:10,112,20
2024-01-29 18:20,108,19
2024-01-29 18:30,103,17
2024-01-29 18:40,99,16
2024-01-29 18:50,95,14
2024-01-29 19:00,90,13
2024-01-29 19:10,86,11
2024-01-29 19:20,82,10
2024-01-29 19:30,126,15
2024-01-29 19:40,169,21
2024-01-29 19:50,94,42
2024-01-29 20:00,18,63
2024-01-29 20:10,19,62
2024-01-29 20:20,19,62
2024-01-29 20:30,20,62
2024-01-29 20:40,21,61
2024-01-29 20:50,22,61
2024-01-29 21:00,22,60
2024-01-29 21:10,23,60
2024-01-29 21:20,24,60
2024-01-29 21:30,25,59
2024-01-29 21:40,25,59
2024-01-29 21:50,26,58
2024-01-29 22:00,26,53
2024-01-29 22:10,9,45
2024-01-29 22:20,15,56
2024-01-29 22:30,15,54
2024-01-29 22:40,15,52
2024-01-29 22:50,16,50
2024-01-29 23:00,16,48
2024-01-29 23:10,16,46
2024-01-29 23:20,16,44
2024-01-29 23:30,16,41
2024-01-29 23:40,17,39
2024-01-29 23:50,17,37
2024-01-30 00:00,17,35
2024-01-30 00:10,18,37
2024-01-30 00:20,19,40
2024-01-30 00:30,20,42
2024-01-30 00:40,21,44
2024-01-30 00:50,21,46
2024-01-30 01:00,22,49
2024-01-30 01:10,23,51
2024-01-30 01:20,24,53
2024-01-30 01:30,25,55
2024-01-30 01:40,24,56
2024-01-30 01:50,23,57
2024-01-30 02:00,22,58
2024-01-30 02:10,21,58
2024-01-30 02:20,20,59
2024-01-30 02:30,20,60
2024-01-30 02:40,19,60
2024-01-30 02:50,18,61
2024-01-30 03:00,17,62
2024-01-30 03:10,16,63
2024-01-30 03:20,15,63
2024-01-30 03:30,18,65
2024-01-30 03:40,20,66
2024-01-30 03:50,17,59
2024-01-30 04:00,14,52
2024-01-30 04:10,13,57
2024-01-30 04:20,11,63
2024-01-30 04:30,9,68
2024-01-30 04:40,9,66
2024-01-30 04:50,9,65
2024-01-30 05:00,9,63
2024-01-30 05:10,9,61
2024-01-30 05:20,9,59
2024-01-30 05:30,10,58
2024-01-30 05:40,10,56
2024-01-30 05:50,10,54
2024-01-30 06:00,10,52
2024-01-30 06:10,10,51
2024-01-30 06:20,10,49
2024-01-30 06:30,58,40
2024-01-30 06:40,106,31
2024-01-30 06:50,153,21
2024-01-30 07:00,201,12
2024-01-30 07:10,200,14
2024-01-30 07:20,199,16
2024-01-30 07:30,198,18
2024-01-30 07:40,197,20
2024-01-30 07:50,127,13
2024-01-30 08:00,172,12
2024-01-30 08:10,217,11
2024-01-30 08:20,169,11
2024-01-30 08:30,121,10
2024-01-30 08:40,117,14
2024-01-30 08:50,113,17
2024-01-30 09:00,110,20
2024-01-30 09:10,106,23
2024-01-30 09:20,102,26
2024-01-30 09:30,88,31
2024-01-30 09:40,74,35
2024-01-30 09:50,60,40
2024-01-30 10:00,46,44
2024-01-30 10:10,32,49
2024-01-30 10:20,34,47
2024-01-30 10:30,36,45
2024-01-30 10:40,38,43
2024-01-30 10:50,40,40
2024-01-30 11:00,41,38
2024-01-30 11:10,43,36
2024-01-30 11:20,45,34
2024-01-30 11:30,47,32
2024-01-30 11:40,49,30
2024-01-30 11:50,51,28
2024-01-30 12:00,53,26
2024-01-30 12:10,54,23
2024-01-30 12:20,56,21
2024-01-30 12:30,58,19
2024-01-30 12:40,60,17
2024-01-30 12:50,62,15
2024-01-30 13:00,62,17
2024-01-30 13:10,62,18
2024-01-30 13:20,62,20
2024-01-30 13:30,62,21
2024-01-30 13:40,62,23
2024-01-30 13:50,62,25
2024-01-30 14:00,62,26
2024-01-30 14:10,62,28
2024-01-30 14:20,62,30
2024-01-30 14:30,62,31
2024-01-30 14:40,62,33
2024-01-30 14:50,62,34
2024-01-30 15:00,62,36
2024-01-30 15:10,62,38
2024-01-30 15:20,62,39
2024-01-30 15:30,50,42
2024-01-30 15:40,46,42
2024-01-30 15:50,42,42
2024-01-30 16:00,38,42
2024-01-30 16:10,34,41
2024-01-30 16:20,30,41
2024-01-30 16:30,26,41
2024-01-30 16:40,22,40
2024-01-30 16:50,117,25
2024-01-30 17:00,212,10
2024-01-30 17:10,188,10
2024-01-30 17:20,164,10
2024-01-30 17:30,164,12
2024-01-30 17:40,182,15
2024-01-30 17:50,200,18
2024-01-30 18:00,218,21
2024-01-30 18:10,198,18
2024-01-30 18:20,179,16
2024-01-30 18:30,160,13
2024-01-30 18:40,140,10
2024-01-30 18:50,127,15
2024-01-30 19:00,113,20
2024-01-30 19:10,100,25
2024-01-30 19:20,86,30
2024-01-30 19:30,73,35
2024-01-30 19:40,59,40
2024-01-30 19:50,46,45
2024-01-30 20:00,32,50
2024-01-30 20:10,19,56
2024-01-30 20:20,20,54
2024-01-30 20:30,21,53
2024-01-30 20:40,21,52
2024-01-30 20:50,22,51
2024-01-30 21:00,23,50
2024-01-30 21:10,24,49
2024-01-30 21:20,25,48
2024-01-30 21:30,25,47
2024-01-30 21:40,26,46
2024-01-30 21:50,27,45
2024-01-30 22:00,18,52
2024-01-30 22:10,9,58
2024-01-30 22:20,12,57
2024-01-30 22:30,14,55
2024-01-30 22:40,17,53
2024-01-30 22:50,20,51
2024-01-30 23:00,30,42
2024-01-30 23:10,26,44
2024-01-30 23:20,22,46
2024-01-30 23:30,17,47
2024-01-30 23:40,13,49
2024-01-30 23:50,9,51
2024-01-31 00:00,10,52
2024-01-31 00:10,12,53
2024-01-31 00:20,14,54
2024-01-31 00:30,15,55
2024-01-31 00:40,16,56
2024-01-31 00:50,18,58
2024-01-31 01:00,20,59
2024-01-31 01:10,21,60
2024-01-31 01:20,18,59
2024-01-31 01:30,15,58
2024-01-31 01:40,16,63
2024-01-31 01:50,16,69
2024-01-31 02:00,16,69
2024-01-31 02:10,15,69
2024-01-31 02:20,15,69
2024-01-31 02:30,15,68
2024-01-31 02:40,14,66
2024-01-31 02:50,14,64
2024-01-31 03:00,14,62
2024-01-31 03:10,14,60
2024-01-31 03:20,14,58
2024-01-31 03:30,13,56
2024-01-31 03:40,13,54
2024-01-31 03:50,14,56
2024-01-31 04:00,14,58
2024-01-31 04:10,15,60
2024-01-31 04:20,16,62
2024-01-31 04:30,16,63
2024-01-31 04:40,17,65
2024-01-31 04:50,18,67
2024-01-31 05:00,18,69
2024-01-31 05:10,19,71
2024-01-31 05:20,19,65
2024-01-31 05:30,19,59
2024-01-31 05:40,20,54
2024-01-31 05:50,20,48
2024-01-31 06:00,20,42
2024-01-31 06:10,18,49
2024-01-31 06:20,18,49
2024-01-31 06:30,19,50
2024-01-31 06:40,19,50
2024-01-31 06:50,134,30
2024-01-31 07:00,248,10
2024-01-31 07:10,138,26
2024-01-31 07:20,140,22
2024-01-31 07:30,141,18
2024-01-31 07:40,136,18
2024-01-31 07:50,131,18
2024-01-31 08:00,126,19
2024-01-31 08:10,121,19
2024-01-31 08:20,116,19
2024-01-31 08:30,111,19
2024-01-31 08:40,106,20
2024-01-31 08:50,101,20
2024-01-31 09:00,96,20
2024-01-31 09:10,91,20
2024-01-31 09:20,86,21
2024-01-31 09:30,81,21
2024-01-31 09:40,76,21
2024-01-31 09:50,76,21
2024-01-31 10:00,77,21
2024-01-31 10:10,77,21
2024-01-31 10:20,77,21
2024-01-31 10:30,77,21
2024-01-31 10:40,78,21
2024-01-31 10:50,78,21
2024-01-31 11:00,78,21
2024-01-31 11:10,78,21
2024-01-31 11:20,79,21
2024-01-31 11:30,79,21
2024-01-31 11:40,79,21
2024-01-31 11:50,80,21
2024-01-31 12:00,81,21
2024-01-31 12:10,82,21
2024-01-31 12:20,83,20
2024-01-31 12:30,84,20
2024-01-31 12:40,85,20
2024-01-31 12:50,86,19
2024-01-31 13:00,88,19
2024-01-31 13:10,89,19
2024-01-31 13:20,90,18
2024-01-31 13:30,92,18
2024-01-31 13:40,94,18
2024-01-31 13:50,96,18
2024-01-31 14:00,98,18
2024-01-31 14:10,99,18
2024-01-31 14:20,101,17
2024-01-31 14:30,103,17
2024-01-31 14:40,105,17
2024-01-31 14:50,107,17
2024-01-31 15:00,109,17
2024-01-31 15:10,111,16
2024-01-31 15:20,113,16
2024-01-31 15:30,115,16
2024-01-31 15:40,116,16
2024-01-31 15:50,118,16
2024-01-31 16:00,120,15
2024-01-31 16:10,122,15
2024-01-31 16:20,124,15
2024-01-31 16:30,126,15
2024-01-31 16:40,128,15
2024-01-31 16:50,130,14
2024-01-31 17:00,132,14
2024-01-31 17:10,134,14
2024-01-31 17:20,135,14
2024-01-31 17:30,137,14
2024-01-31 17:40,139,13
2024-01-31 17:50,141,13
2024-01-31 18:00,143,13
2024-01-31 18:10,163,14
2024-01-31 18:20,183,16
2024-01-31 18:30,202,17
2024-01-31 18:40,222,18
2024-01-31 18:50,242,19
2024-01-31 19:00,218,17
2024-01-31 19:10,193,15
2024-01-31 19:20,168,12
2024-01-31 19:30,144,10
2024-01-31 19:40,111,21
2024-01-31 19:50,78,33
2024-01-31 20:00,46,44
2024-01-31 20:10,13,55
2024-01-31 20:20,14,58
2024-01-31 20:30,14,60
2024-01-31 20:40,20,63
2024-01-31 20:50,25,66
2024-01-31 21:00,23,65
2024-01-31 21:10,22,63
2024-01-31 21:20,20,62
2024-01-31 21:30,18,61
2024-01-31 21:40,17,59
2024-01-31 21:50,15,58
2024-01-31 22:00,14,57
2024-01-31 22:10,15,58
2024-01-31 22:20,16,58
2024-01-31 22:30,17,59
2024-01-31 22:40,18,60
2024-01-31 22:50,19,61
2024-01-31 23:00,19,59
2024-01-31 23:10,19,57
2024-01-31 23:20,19,55
2024-01-31 23:30,19,53
2024-01-31 23:40,19,51
2024-01-31 23:50,17,51
2024-02-01 00:00,15,50
2024-02-01 00:10,17,60
2024-02-01 00:20,21,55
2024-02-01 00:30,18,55
2024-02-01 00:40,16,55
2024-02-01 00:50,13,55
2024-02-01 01:00,10,55
2024-02-01 01:10,8,55
2024-02-01 01:20,5,55
2024-02-01 01:30,10,54
2024-02-01 01:40,14,53
2024-02-01 01:50,18,52
2024-02-01 02:00,23,50
2024-02-01 02:10,27,69
2024-02-01 02:20,24,61
2024-02-01 02:30,22,53
2024-02-01 02:40,19,46
2024-02-01 02:50,19,48
2024-02-01 03:00,19,50
2024-02-01 03:10,19,52
2024-02-01 03:20,18,54
2024-02-01 03:30,18,56
2024-02-01 03:40,18,57
2024-02-01 03:50,18,59
2024-02-01 04:00,18,61
2024-02-01 04:10,19,58
2024-02-01 04:20,20,55
2024-02-01 04:30,22,52
2024-02-01 04:40,23,49
2024-02-01 04:50,24,46
2024-02-01 05:00,25,43
2024-02-01 05:10,24,46
2024-02-01 05:20,23,49
2024-02-01 05:30,22,52
2024-02-01 05:40,21,54
2024-02-01 05:50,20,57
2024-02-01 06:00,19,60
2024-02-01 06:10,18,63
2024-02-01 06:20,16,65
2024-02-01 06:30,16,66
2024-02-01 06:40,15,67
2024-02-01 06:50,14,68
2024-02-01 07:00,126,14
2024-02-01 07:10,135,14
2024-02-01 07:20,144,13
2024-02-01 07:30,154,12
2024-02-01 07:40,163,12
2024-02-01 07:50,172,12
2024-02-01 08:00,182,11
2024-02-01 08:10,191,10
2024-02-01 08:20,200,10
2024-02-01 08:30,190,10
2024-02-01 08:40,180,10
2024-02-01 08:50,171,10
2024-02-01 09:00,161,10
2024-02-01 09:10,151,10
2024-02-01 09:20,131,15
2024-02-01 09:30,112,20
2024-02-01 09:40,92,25
2024-02-01 09:50,72,29
2024-02-01 10:00,53,34
2024-02-01 10:10,33,39
2024-02-01 10:20,40,38
2024-02-01 10:30,47,36
2024-02-01 10:40,54,35
2024-02-01 10:50,62,34
2024-02-01 11:00,69,32
2024-02-01 11:10,76,31
2024-02-01 11:20,83,29
2024-02-01 11:30,90,28
2024-02-01 11:40,98,27
2024-02-01 11:50,105,25
2024-02-01 12:00,112,24
2024-02-01 12:10,119,22
2024-02-01 12:20,117,24
2024-02-01 12:30,114,25
2024-02-01 12:40,112,27
2024-02-01 12:50,110,28
2024-02-01 13:00,107,30
2024-02-01 13:10,105,31
2024-02-01 13:20,103,32
2024-02-01 13:30,100,34
2024-02-01 13:40,98,25
2024-02-01 13:50,96,17
2024-02-01 14:00,90,20
2024-02-01 14:10,85,23
2024-02-01 14:20,79,26
2024-02-01 14:30,74,29
2024-02-01 14:40,68,32
2024-02-01 14:50,23,47
2024-02-01 15:00,31,46
2024-02-01 15:10,38,45
2024-02-01 15:20,46,44
2024-02-01 15:30,53,43
2024-02-01 15:40,61,42
2024-02-01 15:50,58,43
2024-02-01 16:00,54,44
2024-02-01 16:10,50,46
2024-02-01 16:20,47,47
2024-02-01 16:30,45,48
2024-02-01 16:40,42,48
2024-02-01 16:50,40,48
2024-02-01 17:00,116,37
2024-02-01 17:10,191,26
2024-02-01 17:20,170,17
2024-02-01 17:30,164,17
2024-02-01 17:40,157,17
2024-02-01 17:50,150,18
2024-02-01 18:00,143,18
2024-02-01 18:10,136,18
2024-02-01 18:20,130,19
2024-02-01 18:30,123,19
2024-02-01 18:40,116,19
2024-02-01 18:50,109,19
2024-02-01 19:00,183,10
2024-02-01 19:10,136,15
2024-02-01 19:20,137,17
2024-02-01 19:30,138,19
2024-02-01 19:40,139,21
2024-02-01 19:50,106,33
2024-02-01 20:00,74,45
2024-02-01 20:10,42,57
2024-02-01 20:20,9,70
2024-02-01 20:30,12,73
2024-02-01 20:40,16,77
2024-02-01 20:50,19,81
2024-02-01 21:00,22,84
2024-02-01 21:10,22,81
2024-02-01 21:20,23,78
2024-02-01 21:30,23,75
2024-02-01 21:40,24,72
2024-02-01 21:50,24,69
2024-02-01 22:00,25,66
2024-02-01 22:10,25,63
2024-02-01 22:20,26,60
2024-02-01 22:30,26,57
2024-02-01 22:40,21,54
2024-02-01 22:50,16,52
2024-02-01 23:00,11,49
2024-02-01 23:10,17,49
2024-02-01 23:20,22,73
2024-02-01 23:30,22,71
2024-02-01 23:40,22,70
2024-02-01 23:50,22,68
2024-02-02 00:00,22,67
2024-02-02 00:10,22,66
2024-02-02 00:20,23,64
2024-02-02 00:30,23,63
2024-02-02 00:40,23,61
2024-02-02 00:50,23,60
2024-02-02 01:00,23,58
2024-02-02 01:10,23,57
2024-02-02 01:20,23,55
2024-02-02 01:30,23,54
2024-02-02 01:40,23,52
2024-02-02 01:50,24,51
2024-02-02 02:00,24,49
2024-02-02 02:10,24,48
2024-02-02 02:20,24,46
2024-02-02 02:30,24,45
2024-02-02 02:40,24,43
2024-02-02 02:50,23,48
2024-02-02 03:00,22,54
2024-02-02 03:10,20,59
2024-02-02 03:20,19,64
2024-02-02 03:30,15,57
2024-02-02 03:40,11,50
2024-02-02 03:50,7,44
2024-02-02 04:00,13,52
2024-02-02 04:10,19,60
2024-02-02 04:20,25,68
2024-02-02 04:30,15,50
2024-02-02 04:40,15,50
2024-02-02 04:50,14,50
2024-02-02 05:00,14,50
2024-02-02 05:10,14,50
2024-02-02 05:20,16,49
2024-02-02 05:30,18,49
2024-02-02 05:40,21,48
2024-02-02 05:50,23,48
2024-02-02 06:00,11,60
2024-02-02 06:10,6,55
2024-02-02 06:20,12,48
2024-02-02 06:30,22,53
2024-02-02 06:40,19,62
2024-02-02 06:50,45,44
2024-02-02 07:00,71,25
2024-02-02 07:10,124,15
2024-02-02 07:20,153,15
2024-02-02 07:30,182,15
2024-02-02 07:40,211,14
2024-02-02 07:50,194,13
2024-02-02 08:00,177,13
2024-02-02 08:10,160,12
2024-02-02 08:20,143,11
2024-02-02 08:30,126,10
2024-02-02 08:40,118,13
2024-02-02 08:50,110,16
2024-02-02 09:00,103,19
2024-02-02 09:10,95,22
2024-02-02 09:20,83,24
2024-02-02 09:30,71,26
2024-02-02 09:40,58,28
2024-02-02 09:50,46,30
2024-02-02 10:00,34,33
2024-02-02 10:10,18,54
2024-02-02 10:20,24,49
2024-02-02 10:30,31,45
2024-02-02 10:40,38,40
2024-02-02 10:50,44,36
2024-02-02 11:00,84,26
2024-02-02 11:10,95,24
2024-02-02 11:20,106,22
2024-02-02 11:30,96,26
2024-02-02 11:40,93,24
2024-02-02 11:50,90,22
2024-02-02 12:00,86,20
2024-02-02 12:10,82,19
2024-02-02 12:20,79,17
2024-02-02 12:30,76,15
2024-02-02 12:40,72,13
2024-02-02 12:50,60,25
2024-02-02 13:00,48,37
2024-02-02 13:10,66,31
2024-02-02 13:20,85,25
2024-02-02 13:30,103,18
2024-02-02 13:40,81,22
2024-02-02 13:50,59,25
2024-02-02 14:00,43,27
2024-02-02 14:10,30,30
2024-02-02 14:20,41,40
2024-02-02 14:30,47,40
2024-02-02 14:40,53,40
2024-02-02 14:50,59,40
2024-02-02 15:00,60,39
2024-02-02 15:10,60,38
2024-02-02 15:20,60,37
2024-02-02 15:30,61,36
2024-02-02 15:40,62,35
2024-02-02 15:50,62,34
2024-02-02 16:00,62,33
2024-02-02 16:10,63,32
2024-02-02 16:20,64,31
2024-02-02 16:30,64,30
2024-02-02 16:40,98,24
2024-02-02 16:50,133,19
2024-02-02 17:00,167,13
2024-02-02 17:10,151,16
2024-02-02 17:20,134,19
2024-02-02 17:30,118,23
2024-02-02 17:40,119,22
2024-02-02 17:50,120,20
2024-02-02 18:00,120,19
2024-02-02 18:10,121,18
2024-02-02 18:20,122,17
2024-02-02 18:30,122,16
2024-02-02 18:40,123,15
2024-02-02 18:50,124,14
2024-02-02 19:00,125,13
2024-02-02 19:10,126,12
2024-02-02 19:20,126,11
2024-02-02 19:30,127,10
2024-02-02 19:40,90,28
2024-02-02 19:50,53,46
2024-02-02 20:00,16,65
2024-02-02 20:10,16,49
2024-02-02 20:20,17,50
2024-02-02 20:30,18,51
2024-02-02 20:40,19,52
2024-02-02 20:50,20,54
2024-02-02 21:00,21,55
2024-02-02 21:10,22,56
2024-02-02 21:20,22,56
2024-02-02 21:30,22,56
2024-02-02 21:40,22,57
2024-02-02 21:50,22,57
2024-02-02 22:00,22,58
2024-02-02 22:10,21,58
2024-02-02 22:20,21,58
2024-02-02 22:30,21,59
2024-02-02 22:40,21,59
2024-02-02 22:50,21,60
2024-02-02 23:00,21,60
2024-02-02 23:10,12,54
2024-02-02 23:20,15,60
2024-02-02 23:30,18,67
2024-02-02 23:40,13,56
2024-02-02 23:50,18,61
2024-02-03 00:00,15,59
2024-02-03 00:10,11,58
2024-02-03 00:20,8,56
2024-02-03 00:30,6,60
2024-02-03 00:40,5,64
2024-02-03 00:50,6,64
2024-02-03 01:00,6,65
2024-02-03 01:10,7,66
2024-02-03 01:20,7,66
2024-02-03 01:30,8,67
2024-02-03 01:40,8,67
2024-02-03 01:50,9,68
2024-02-03 02:00,9,69
2024-02-03 02:10,10,69
2024-02-03 02:20,10,70
2024-02-03 02:30,11,70
2024-02-03 02:40,9,67
2024-02-03 02:50,7,63
2024-02-03 03:00,6,69
2024-02-03 03:10,6,76
2024-02-03 03:20,8,72
2024-02-03 03:30,10,69
2024-02-03 03:40,12,66
2024-02-03 03:50,15,59
2024-02-03 04:00,17,52
2024-02-03 04:10,16,50
2024-02-03 04:20,15,48
2024-02-03 04:30,14,46
2024-02-03 04:40,12,47
2024-02-03 04:50,11,48
2024-02-03 05:00,10,49
2024-02-03 05:10,8,50
2024-02-03 05:20,10,60
2024-02-03 05:30,8,71
2024-02-03 05:40,6,81
2024-02-03 05:50,10,73
2024-02-03 06:00,14,65
2024-02-03 06:10,16,63
2024-02-03 06:20,19,61
2024-02-03 06:30,22,58
2024-02-03 06:40,24,56
2024-02-03 06:50,27,54
2024-02-03 07:00,30,52
2024-02-03 07:10,32,49
2024-02-03 07:20,35,47
2024-02-03 07:30,38,45
2024-02-03 07:40,40,43
2024-02-03 07:50,43,40
2024-02-03 08:00,43,39
2024-02-03 08:10,42,37
2024-02-03 08:20,42,35
2024-02-03 08:30,42,34
2024-02-03 08:40,42,32
2024-02-03 08:50,41,31
2024-02-03 09:00,41,29
2024-02-03 09:10,51,25
2024-02-03 09:20,61,22
2024-02-03 09:30,58,14
2024-02-03 09:40,57,17
2024-02-03 09:50,56,19
2024-02-03 10:00,55,22
2024-02-03 10:10,54,25
2024-02-03 10:20,53,28
2024-02-03 10:30,53,31
2024-02-03 10:40,52,33
2024-02-03 10:50,51,36
2024-02-03 11:00,50,39
2024-02-03 11:10,49,42
2024-02-03 11:20,48,45
2024-02-03 11:30,64,24
2024-02-03 11:40,54,32
2024-02-03 11:50,52,30
2024-02-03 12:00,50,29
2024-02-03 12:10,48,28
2024-02-03 12:20,46,27
2024-02-03 12:30,44,25
2024-02-03 12:40,42,24
2024-02-03 12:50,40,23
2024-02-03 13:00,51,38
2024-02-03 13:10,48,39
2024-02-03 13:20,45,39
2024-02-03 13:30,42,40
2024-02-03 13:40,38,40
2024-02-03 13:50,35,41
2024-02-03 14:00,32,41
2024-02-03 14:10,32,41
2024-02-03 14:20,32,41
2024-02-03 14:30,31,41
2024-02-03 14:40,31,40
2024-02-03 14:50,31,40
2024-02-03 15:00,31,40
2024-02-03 15:10,31,40
2024-02-03 15:20,30,39
2024-02-03 15:30,30,39
2024-02-03 15:40,30,39
2024-02-03 15:50,30,39
2024-02-03 16:00,30,39
2024-02-03 16:10,30,38
2024-02-03 16:20,29,38
2024-02-03 16:30,29,38
2024-02-03 16:40,29,38
2024-02-03 16:50,30,36
2024-02-03 17:00,31,35
2024-02-03 17:10,31,34
2024-02-03 17:20,32,32
2024-02-03 17:30,33,31
2024-02-03 17:40,34,30
2024-02-03 17:50,34,28
2024-02-03 18:00,35,27
2024-02-03 18:10,36,25
2024-02-03 18:20,35,29
2024-02-03 18:30,33,32
2024-02-03 18:40,32,35
2024-02-03 18:50,31,38
2024-02-03 19:00,29,41
2024-02-03 19:10,28,44
2024-02-03 19:20,27,48
2024-02-03 19:30,26,51
2024-02-03 19:40,24,54
2024-02-03 19:50,23,57
2024-02-03 20:00,22,60
2024-02-03 20:10,20,64
2024-02-03 20:20,19,67
2024-02-03 20:30,18,70
2024-02-03 20:40,17,72
2024-02-03 20:50,16,75
2024-02-03 21:00,13,63
2024-02-03 21:10,13,63
2024-02-03 21:20,13,63
2024-02-03 21:30,14,62
2024-02-03 21:40,14,62
2024-02-03 21:50,14,62
2024-02-03 22:00,12,65
2024-02-03 22:10,15,52
2024-02-03 22:20,12,56
2024-02-03 22:30,9,60
2024-02-03 22:40,6,64
2024-02-03 22:50,7,63
2024-02-03 23:00,8,61
2024-02-03 23:10,10,60
2024-02-03 23:20,11,58
2024-02-03 23:30,15,62
2024-02-03 23:40,13,60
2024-02-03 23:50,12,59
2024-02-04 00:00,10,57
2024-02-04 00:10,11,58
2024-02-04 00:20,12,59
2024-02-04 00:30,12,61
2024-02-04 00:40,13,62
2024-02-04 00:50,14,63
2024-02-04 01:00,13,57
2024-02-04 01:10,13,57
2024-02-04 01:20,13,58
2024-02-04 01:30,13,59
2024-02-04 01:40,13,59
2024-02-04 01:50,13,60
2024-02-04 02:00,13,61
2024-02-04 02:10,13,61
2024-02-04 02:20,13,62
2024-02-04 02:30,13,63
2024-02-04 02:40,13,63
2024-02-04 02:50,13,64
2024-02-04 03:00,13,65
2024-02-04 03:10,13,65
2024-02-04 03:20,13,66
2024-02-04 03:30,13,67
2024-02-04 03:40,13,67
2024-02-04 03:50,13,68
2024-02-04 04:00,12,68
2024-02-04 04:10,12,69
2024-02-04 04:20,11,69
2024-02-04 04:30,10,69
2024-02-04 04:40,9,70
2024-02-04 04:50,9,70
2024-02-04 05:00,8,70
2024-02-04 05:10,9,63
2024-02-04 05:20,9,55
2024-02-04 05:30,10,47
2024-02-04 05:40,10,47
2024-02-04 05:50,11,46
2024-02-04 06:00,12,46
2024-02-04 06:10,12,46
2024-02-04 06:20,14,53
2024-02-04 06:30,15,60
2024-02-04 06:40,11,57
2024-02-04 06:50,7,54
2024-02-04 07:00,14,46
2024-02-04 07:10,22,37
2024-02-04 07:20,29,29
2024-02-04 07:30,36,20
2024-02-04 07:40,34,24
2024-02-04 07:50,31,28
2024-02-04 08:00,29,32
2024-02-04 08:10,26,36
2024-02-04 08:20,24,39
2024-02-04 08:30,30,35
2024-02-04 08:40,35,31
2024-02-04 08:50,40,27
2024-02-04 09:00,46,23
2024-02-04 09:10,52,19
2024-02-04 09:20,45,27
2024-02-04 09:30,39,36
2024-02-04 09:40,34,42
2024-02-04 09:50,30,47
2024-02-04 10:00,25,53
2024-02-04 10:10,26,48
2024-02-04 10:20,28,42
2024-02-04 10:30,30,37
2024-02-04 10:40,31,32
2024-02-04 10:50,33,34
2024-02-04 11:00,36,35
2024-02-04 11:10,38,37
2024-02-04 11:20,40,38
2024-02-04 11:30,41,38
2024-02-04 11:40,42,39
2024-02-04 11:50,44,39
2024-02-04 12:00,48,38
2024-02-04 12:10,52,36
2024-02-04 12:20,57,34
2024-02-04 12:30,61,32
2024-02-04 12:40,52,36
2024-02-04 12:50,42,40
2024-02-04 13:00,46,41
2024-02-04 13:10,50,42
2024-02-04 13:20,54,33
2024-02-04 13:30,58,24
2024-02-04 13:40,50,28
2024-02-04 13:50,43,33
2024-02-04 14:00,35,38
2024-02-04 14:10,28,42
2024-02-04 14:20,20,47
2024-02-04 14:30,25,42
2024-02-04 14:40,30,36
2024-02-04 14:50,35,31
2024-02-04 15:00,19,56
2024-02-04 15:10,19,57
2024-02-04 15:20,19,57
2024-02-04 15:30,20,57
2024-02-04 15:40,20,58
2024-02-04 15:50,20,58
2024-02-04 16:00,24,57
2024-02-04 16:10,29,56
2024-02-04 16:20,33,55
2024-02-04 16:30,38,45
2024-02-04 16:40,42,36
2024-02-04 16:50,46,39
2024-02-04 17:00,60,30
2024-02-04 17:10,74,21
2024-02-04 17:20,78,23
2024-02-04 17:30,82,24
2024-02-04 17:40,86,25
2024-02-04 17:50,83,24
2024-02-04 18:00,72,17
2024-02-04 18:10,60,10
2024-02-04 18:20,67,14
2024-02-04 18:30,75,19
2024-02-04 18:40,82,23
2024-02-04 18:50,80,23
2024-02-04 19:00,71,29
2024-02-04 19:10,63,34
2024-02-04 19:20,54,40
2024-02-04 19:30,45,45
2024-02-04 19:40,37,51
2024-02-04 19:50,28,56
2024-02-04 20:00,19,62
2024-02-04 20:10,10,68
2024-02-04 20:20,13,71
2024-02-04 20:30,16,74
2024-02-04 20:40,11,60
2024-02-04 20:50,12,57
2024-02-04 21:00,12,55
2024-02-04 21:10,13,53
2024-02-04 21:20,13,51
2024-02-04 21:30,14,48
2024-02-04 21:40,13,51
2024-02-04 21:50,13,53
2024-02-04 22:00,12,55
2024-02-04 22:10,12,58
2024-02-04 22:20,11,60
2024-02-04 22:30,10,62
2024-02-04 22:40,10,65
2024-02-04 22:50,9,67
2024-02-04 23:00,10,65
2024-02-04 23:10,11,63
2024-02-04 23:20,14,69
2024-02-04 23:30,18,76
2024-02-04 23:40,18,74
2024-02-04 23:50,19,72
2024-02-05 00:00,19,70
2024-02-05 00:10,18,68
2024-02-05 00:20,18,66
2024-02-05 00:30,17,65
2024-02-05 00:40,16,63
2024-02-05 00:50,15,61
2024-02-05 01:00,14,59
2024-02-05 01:10,14,57
2024-02-05 01:20,13,55
2024-02-05 01:30,12,53
2024-02-05 01:40,12,51
2024-02-05 01:50,11,49
2024-02-05 02:00,10,48
2024-02-05 02:10,11,54
2024-02-05 02:20,12,60
2024-02-05 02:30,12,66
2024-02-05 02:40,13,72
2024-02-05 02:50,14,79
2024-02-05 03:00,14,75
2024-02-05 03:10,14,71
2024-02-05 03:20,14,67
2024-02-05 03:30,14,63
2024-02-05 03:40,15,59
2024-02-05 03:50,15,55
2024-02-05 04:00,15,51
2024-02-05 04:10,15,47
2024-02-05 04:20,15,43
2024-02-05 04:30,14,47
2024-02-05 04:40,14,51
2024-02-05 04:50,14,55
2024-02-05 05:00,13,59
2024-02-05 05:10,12,63
2024-02-05 05:20,12,67
2024-02-05 05:30,13,67
2024-02-05 05:40,14,67
2024-02-05 05:50,14,67
2024-02-05 06:00,15,67
2024-02-05 06:10,16,67
2024-02-05 06:20,31,60
2024-02-05 06:30,45,52
2024-02-05 06:40,60,44
2024-02-05 06:50,74,36
2024-02-05 07:00,89,29
2024-02-05 07:10,103,21
2024-02-05 07:20,118,13
2024-02-05 07:30,72,19
2024-02-05 07:40,83,18
2024-02-05 07:50,95,16
2024-02-05 08:00,106,15
2024-02-05 08:10,117,14
2024-02-05 08:20,128,12
2024-02-05 08:30,139,11
2024-02-05 08:40,150,10
2024-02-05 08:50,151,12
2024-02-05 09:00,152,13
2024-02-05 09:10,153,15
2024-02-05 09:20,154,17
2024-02-05 09:30,155,18
2024-02-05 09:40,156,20
2024-02-05 09:50,157,21
2024-02-05 10:00,24,51
2024-02-05 10:10,32,47
2024-02-05 10:20,40,43
2024-02-05 10:30,48,39
2024-02-05 10:40,55,35
2024-02-05 10:50,63,31
2024-02-05 11:00,71,27
2024-02-05 11:10,79,23
2024-02-05 11:20,75,26
2024-02-05 11:30,71,29
2024-02-05 11:40,68,33
2024-02-05 11:50,64,36
2024-02-05 12:00,60,39
2024-02-05 12:10,56,42
2024-02-05 12:20,57,39
2024-02-05 12:30,58,35
2024-02-05 12:40,60,32
2024-02-05 12:50,61,28
2024-02-05 13:00,62,25
2024-02-05 13:10,63,21
2024-02-05 13:20,61,23
2024-02-05 13:30,59,25
2024-02-05 13:40,57,27
2024-02-05 13:50,56,29
2024-02-05 14:00,54,31
2024-02-05 14:10,52,33
2024-02-05 14:20,50,35
2024-02-05 14:30,48,36
2024-02-05 14:40,46,37
2024-02-05 14:50,44,37
2024-02-05 15:00,42,37
2024-02-05 15:10,40,37
2024-02-05 15:20,38,37
2024-02-05 15:30,36,37
2024-02-05 15:40,34,37
2024-02-05 15:50,32,38
2024-02-05 16:00,29,42
2024-02-05 16:10,26,46
2024-02-05 16:20,24,50
2024-02-05 16:30,21,54
2024-02-05 16:40,27,51
2024-02-05 16:50,34,47
2024-02-05 17:00,40,43
2024-02-05 17:10,47,40
2024-02-05 17:20,53,36
2024-02-05 17:30,60,32
2024-02-05 17:40,66,29
2024-02-05 17:50,72,25
2024-02-05 18:00,79,21
2024-02-05 18:10,85,17
2024-02-05 18:20,92,14
2024-02-05 18:30,98,10
2024-02-05 18:40,171,16
2024-02-05 18:50,217,10
2024-02-05 19:00,178,13
2024-02-05 19:10,161,19
2024-02-05 19:20,144,24
2024-02-05 19:30,127,30
2024-02-05 19:40,109,35
2024-02-05 19:50,92,41
2024-02-05 20:00,75,46
2024-02-05 20:10,58,52
2024-02-05 20:20,40,57
2024-02-05 20:30,23,63
2024-02-05 20:40,22,62
2024-02-05 20:50,21,61
2024-02-05 21:00,20,61
2024-02-05 21:10,19,60
2024-02-05 21:20,18,59
2024-02-05 21:30,16,58
2024-02-05 21:40,15,58
2024-02-05 21:50,14,57
2024-02-05 22:00,13,56
2024-02-05 22:10,12,56
2024-02-05 22:20,11,55
2024-02-05 22:30,10,54
2024-02-05 22:40,19,66
2024-02-05 22:50,12,73
2024-02-05 23:00,5,80
2024-02-05 23:10,25,57
2024-02-05 23:20,24,61
2024-02-05 23:30,23,66
2024-02-05 23:40,22,71
2024-02-05 23:50,21,76
2024-02-06 00:00,20,80
2024-02-06 00:10,20,55
2024-02-06 00:20,18,53
2024-02-06 00:30,16,52
2024-02-06 00:40,14,50
2024-02-06 00:50,12,48
2024-02-06 01:00,10,46
2024-02-06 01:10,11,47
2024-02-06 01:20,12,47
2024-02-06 01:30,12,47
2024-02-06 01:40,13,48
2024-02-06 01:50,14,48
2024-02-06 02:00,14,48
2024-02-06 02:10,15,49
2024-02-06 02:20,16,49
2024-02-06 02:30,17,50
2024-02-06 02:40,18,50
2024-02-06 02:50,18,50
2024-02-06 03:00,19,51
2024-02-06 03:10,17,54
2024-02-06 03:20,16,57
2024-02-06 03:30,14,60
2024-02-06 03:40,10,63
2024-02-06 03:50,11,62
2024-02-06 04:00,12,61
2024-02-06 04:10,13,60
2024-02-06 04:20,14,59
2024-02-06 04:30,15,58
2024-02-06 04:40,16,57
2024-02-06 04:50,17,56
2024-02-06 05:00,18,55
2024-02-06 05:10,19,54
2024-02-06 05:20,20,53
2024-02-06 05:30,21,52
2024-02-06 05:40,21,53
2024-02-06 05:50,19,54
2024-02-06 06:00,18,56
2024-02-06 06:10,16,57
2024-02-06 06:20,15,58
2024-02-06 06:30,13,59
2024-02-06 06:40,48,50
2024-02-06 06:50,83,41
2024-02-06 07:00,117,32
2024-02-06 07:10,152,23
2024-02-06 07:20,187,14
2024-02-06 07:30,169,13
2024-02-06 07:40,152,11
2024-02-06 07:50,134,10
2024-02-06 08:00,131,10
2024-02-06 08:10,127,10
2024-02-06 08:20,124,10
2024-02-06 08:30,121,10
2024-02-06 08:40,118,11
2024-02-06 08:50,114,11
2024-02-06 09:00,111,11
2024-02-06 09:10,196,10
2024-02-06 09:20,177,12
2024-02-06 09:30,158,15
2024-02-06 09:40,139,17
2024-02-06 09:50,120,19
2024-02-06 10:00,102,22
2024-02-06 10:10,83,24
2024-02-06 10:20,64,26
2024-02-06 10:30,45,28
2024-02-06 10:40,55,29
2024-02-06 10:50,66,29
2024-02-06 11:00,76,29
2024-02-06 11:10,86,30
2024-02-06 11:20,81,31
2024-02-06 11:30,75,33
2024-02-06 11:40,70,34
2024-02-06 11:50,65,36
2024-02-06 12:00,59,38
2024-02-06 12:10,54,39
2024-02-06 12:20,54,38
2024-02-06 12:30,54,38
2024-02-06 12:40,55,37
2024-02-06 12:50,55,36
2024-02-06 13:00,55,36
2024-02-06 13:10,56,35
2024-02-06 13:20,56,34
2024-02-06 13:30,56,34
2024-02-06 13:40,56,34
2024-02-06 13:50,57,34
2024-02-06 14:00,57,34
2024-02-06 14:10,58,34
2024-02-06 14:20,58,34
2024-02-06 14:30,59,34
2024-02-06 14:40,59,34
2024-02-06 14:50,60,34
2024-02-06 15:00,60,34
2024-02-06 15:10,61,34
2024-02-06 15:20,61,34
2024-02-06 15:30,63,34
2024-02-06 15:40,65,33
2024-02-06 15:50,68,33
2024-02-06 16:00,70,33
2024-02-06 16:10,72,32
2024-02-06 16:20,53,40
2024-02-06 16:30,33,48
2024-02-06 16:40,14,56
2024-02-06 16:50,46,44
2024-02-06 17:00,78,33
2024-02-06 17:10,110,21
2024-02-06 17:20,142,10
2024-02-06 17:30,200,10
2024-02-06 17:40,184,10
2024-02-06 17:50,168,10
2024-02-06 18:00,152,10
2024-02-06 18:10,152,10
2024-02-06 18:20,153,10
2024-02-06 18:30,153,10
2024-02-06 18:40,154,10
2024-02-06 18:50,154,10
2024-02-06 19:00,154,10
2024-02-06 19:10,155,10
2024-02-06 19:20,155,10
2024-02-06 19:30,144,14
2024-02-06 19:40,133,18
2024-02-06 19:50,122,22
2024-02-06 20:00,110,26
2024-02-06 20:10,99,30
2024-02-06 20:20,88,34
2024-02-06 20:30,77,38
2024-02-06 20:40,66,42
2024-02-06 20:50,54,46
2024-02-06 21:00,43,50
2024-02-06 21:10,32,54
2024-02-06 21:20,21,58
2024-02-06 21:30,23,55
2024-02-06 21:40,26,52
2024-02-06 21:50,28,50
2024-02-06 22:00,31,47
2024-02-06 22:10,33,45
2024-02-06 22:20,30,47
2024-02-06 22:30,26,50
2024-02-06 22:40,23,52
2024-02-06 22:50,19,55
2024-02-06 23:00,16,57
2024-02-06 23:10,12,60
2024-02-06 23:20,9,62
2024-02-06 23:30,10,60
2024-02-06 23:40,10,58
2024-02-06 23:50,11,55
2024-02-07 00:00,12,53
2024-02-07 00:10,12,51
2024-02-07 00:20,13,48
2024-02-07 00:30,13,46
2024-02-07 00:40,14,44
2024-02-07 00:50,15,48
2024-02-07 01:00,16,51
2024-02-07 01:10,17,55
2024-02-07 01:20,18,59
2024-02-07 01:30,19,63
2024-02-07 01:40,20,66
2024-02-07 01:50,21,66
2024-02-07 02:00,21,66
2024-02-07 02:10,22,65
2024-02-07 02:20,23,65
2024-02-07 02:30,23,65
2024-02-07 02:40,24,64
2024-02-07 02:50,25,64
2024-02-07 03:00,25,64
2024-02-07 03:10,26,63
2024-02-07 03:20,16,59
2024-02-07 03:30,6,56
2024-02-07 03:40,11,76
2024-02-07 03:50,11,72
2024-02-07 04:00,10,69
2024-02-07 04:10,10,65
2024-02-07 04:20,10,61
2024-02-07 04:30,9,57
2024-02-07 04:40,9,54
2024-02-07 04:50,13,58
2024-02-07 05:00,14,58
2024-02-07 05:10,15,58
2024-02-07 05:20,16,58
2024-02-07 05:30,18,58
2024-02-07 05:40,19,58
2024-02-07 05:50,20,58
2024-02-07 06:00,21,58
2024-02-07 06:10,22,58
2024-02-07 06:20,45,53
2024-02-07 06:30,68,47
2024-02-07 06:40,91,42
2024-02-07 06:50,114,36
2024-02-07 07:00,137,31
2024-02-07 07:10,160,26
2024-02-07 07:20,183,20
2024-02-07 07:30,206,15
2024-02-07 07:40,135,10
2024-02-07 07:50,139,10
2024-02-07 08:00,144,10
2024-02-07 08:10,148,10
2024-02-07 08:20,138,13
2024-02-07 08:30,127,15
2024-02-07 08:40,117,18
2024-02-07 08:50,111,19
2024-02-07 09:00,105,20
2024-02-07 09:10,99,21
2024-02-07 09:20,93,23
2024-02-07 09:30,88,24
2024-02-07 09:40,82,25
2024-02-07 09:50,76,26
2024-02-07 10:00,70,27
2024-02-07 10:10,64,28
2024-02-07 10:20,58,30
2024-02-07 10:30,58,30
2024-02-07 10:40,59,31
2024-02-07 10:50,60,31
2024-02-07 11:00,60,32
2024-02-07 11:10,60,32
2024-02-07 11:20,61,33
2024-02-07 11:30,62,34
2024-02-07 11:40,62,34
2024-02-07 11:50,59,34
2024-02-07 12:00,56,34
2024-02-07 12:10,52,34
2024-02-07 12:20,49,34
2024-02-07 12:30,46,34
2024-02-07 12:40,46,35
2024-02-07 12:50,47,36
2024-02-07 13:00,47,37
2024-02-07 13:10,48,38
2024-02-07 13:20,48,39
2024-02-07 13:30,49,40
2024-02-07 13:40,49,40
2024-02-07 13:50,50,41
2024-02-07 14:00,50,42
2024-02-07 14:10,47,45
2024-02-07 14:20,40,39
2024-02-07 14:30,71,42
2024-02-07 14:40,32,38
2024-02-07 14:50,41,39
2024-02-07 15:00,50,40
2024-02-07 15:10,60,42
2024-02-07 15:20,69,43
2024-02-07 15:30,64,44
2024-02-07 15:40,58,44
2024-02-07 15:50,53,45
2024-02-07 16:00,48,46
2024-02-07 16:10,62,38
2024-02-07 16:20,77,30
2024-02-07 16:30,91,29
2024-02-07 16:40,105,28
2024-02-07 16:50,120,27
2024-02-07 17:00,134,26
2024-02-07 17:10,148,25
2024-02-07 17:20,126,18
2024-02-07 17:30,104,10
2024-02-07 17:40,104,10
2024-02-07 17:50,105,10
2024-02-07 18:00,105,10
2024-02-07 18:10,104,13
2024-02-07 18:20,103,15
2024-02-07 18:30,102,18
2024-02-07 18:40,102,20
2024-02-07 18:50,101,23
2024-02-07 19:00,100,25
2024-02-07 19:10,99,28
2024-02-07 19:20,109,14
2024-02-07 19:30,101,17
2024-02-07 19:40,92,20
2024-02-07 19:50,84,22
2024-02-07 20:00,75,25
2024-02-07 20:10,67,28
2024-02-07 20:20,58,31
2024-02-07 20:30,50,34
2024-02-07 20:40,42,37
2024-02-07 20:50,33,40
2024-02-07 21:00,25,43
2024-02-07 21:10,16,46
2024-02-07 21:20,8,49
2024-02-07 21:30,8,50
2024-02-07 21:40,8,51
2024-02-07 21:50,8,52
2024-02-07 22:00,9,53
2024-02-07 22:10,9,54
2024-02-07 22:20,9,55
2024-02-07 22:30,9,56
2024-02-07 22:40,9,57
2024-02-07 22:50,10,58
2024-02-07 23:00,10,62
2024-02-07 23:10,14,57
2024-02-07 23:20,18,52
2024-02-07 23:30,22,48
2024-02-07 23:40,26,43
2024-02-07 23:50,16,69
2024-02-08 00:00,17,51
2024-02-08 00:10,18,51
2024-02-08 00:20,20,51
2024-02-08 00:30,22,52
2024-02-08 00:40,23,52
2024-02-08 00:50,20,52
2024-02-08 01:00,17,52
2024-02-08 01:10,21,61
2024-02-08 01:20,21,56
2024-02-08 01:30,34,45
2024-02-08 01:40,30,49
2024-02-08 01:50,26,52
2024-02-08 02:00,21,56
2024-02-08 02:10,17,59
2024-02-08 02:20,18,60
2024-02-08 02:30,20,60
2024-02-08 02:40,21,61
2024-02-08 02:50,23,62
2024-02-08 03:00,24,62
2024-02-08 03:10,25,63
2024-02-08 03:20,27,63
2024-02-08 03:30,28,64
2024-02-08 03:40,30,64
2024-02-08 03:50,31,65
2024-02-08 04:00,25,64
2024-02-08 04:10,20,63
2024-02-08 04:20,14,63
2024-02-08 04:30,14,63
2024-02-08 04:40,14,64
2024-02-08 04:50,14,64
2024-02-08 05:00,14,65
2024-02-08 05:10,14,66
2024-02-08 05:20,14,63
2024-02-08 05:30,14,61
2024-02-08 05:40,14,59
2024-02-08 05:50,14,56
2024-02-08 06:00,14,54
2024-02-08 06:10,14,52
2024-02-08 06:20,14,55
2024-02-08 06:30,14,58
2024-02-08 06:40,60,46
2024-02-08 06:50,107,34
2024-02-08 07:00,153,22
2024-02-08 07:10,149,22
2024-02-08 07:20,144,22
2024-02-08 07:30,140,22
2024-02-08 07:40,136,22
2024-02-08 07:50,131,22
2024-02-08 08:00,127,22
2024-02-08 08:10,123,22
2024-02-08 08:20,118,23
2024-02-08 08:30,114,23
2024-02-08 08:40,118,19
2024-02-08 08:50,122,15
2024-02-08 09:00,126,11
2024-02-08 09:10,116,16
2024-02-08 09:20,106,20
2024-02-08 09:30,97,25
2024-02-08 09:40,87,29
2024-02-08 09:50,77,34
2024-02-08 10:00,68,39
2024-02-08 10:10,58,43
2024-02-08 10:20,48,48
2024-02-08 10:30,47,47
2024-02-08 10:40,46,47
2024-02-08 10:50,44,46
2024-02-08 11:00,43,45
2024-02-08 11:10,42,45
2024-02-08 11:20,41,44
2024-02-08 11:30,39,44
2024-02-08 11:40,38,43
2024-02-08 11:50,37,42
2024-02-08 12:00,52,37
2024-02-08 12:10,66,31
2024-02-08 12:20,80,26
2024-02-08 12:30,95,20
2024-02-08 12:40,86,21
2024-02-08 12:50,78,21
2024-02-08 13:00,69,21
2024-02-08 13:10,66,20
2024-02-08 13:20,62,19
2024-02-08 13:30,59,18
2024-02-08 13:40,92,18
2024-02-08 13:50,85,20
2024-02-08 14:00,78,23
2024-02-08 14:10,71,25
2024-02-08 14:20,63,28
2024-02-08 14:30,56,30
2024-02-08 14:40,49,32
2024-02-08 14:50,42,35
2024-02-08 15:00,50,31
2024-02-08 15:10,58,27
2024-02-08 15:20,55,30
2024-02-08 15:30,52,32
2024-02-08 15:40,50,35
2024-02-08 15:50,42,36
2024-02-08 16:00,35,37
2024-02-08 16:10,28,38
2024-02-08 16:20,73,33
2024-02-08 16:30,117,29
2024-02-08 16:40,162,25
2024-02-08 16:50,206,20
2024-02-08 17:00,251,16
2024-02-08 17:10,226,16
2024-02-08 17:20,200,17
2024-02-08 17:30,174,17
2024-02-08 17:40,149,18
2024-02-08 17:50,148,19
2024-02-08 18:00,148,20
2024-02-08 18:10,147,22
2024-02-08 18:20,143,20
2024-02-08 18:30,139,18
2024-02-08 18:40,135,16
2024-02-08 18:50,131,14
2024-02-08 19:00,127,12
2024-02-08 19:10,123,10
2024-02-08 19:20,145,11
2024-02-08 19:30,166,13
2024-02-08 19:40,188,14
2024-02-08 19:50,167,19
2024-02-08 20:00,146,24
2024-02-08 20:10,124,30
2024-02-08 20:20,103,35
2024-02-08 20:30,82,40
2024-02-08 20:40,61,46
2024-02-08 20:50,40,51
2024-02-08 21:00,18,56
2024-02-08 21:10,18,55
2024-02-08 21:20,17,55
2024-02-08 21:30,17,54
2024-02-08 21:40,16,54
2024-02-08 21:50,16,53
2024-02-08 22:00,15,52
2024-02-08 22:10,15,52
2024-02-08 22:20,14,51
2024-02-08 22:30,12,56
2024-02-08 22:40,11,61
2024-02-08 22:50,10,66
2024-02-08 23:00,8,71
2024-02-08 23:10,15,61
2024-02-08 23:20,22,50
2024-02-08 23:30,21,50
2024-02-08 23:40,19,50
2024-02-08 23:50,18,50
2024-02-09 00:00,17,55
2024-02-09 00:10,15,61
2024-02-09 00:20,14,67
2024-02-09 00:30,16,67
2024-02-09 00:40,19,67
2024-02-09 00:50,22,66
2024-02-09 01:00,24,66
2024-02-09 01:10,23,66
2024-02-09 01:20,22,65
2024-02-09 01:30,21,64
2024-02-09 01:40,20,63
2024-02-09 01:50,19,58
2024-02-09 02:00,18,59
2024-02-09 02:10,18,60
2024-02-09 02:20,17,61
2024-02-09 02:30,16,62
2024-02-09 02:40,16,63
2024-02-09 02:50,15,64
2024-02-09 03:00,15,66
2024-02-09 03:10,14,67
2024-02-09 03:20,16,61
2024-02-09 03:30,19,55
2024-02-09 03:40,21,49
2024-02-09 03:50,20,51
2024-02-09 04:00,19,54
2024-02-09 04:10,18,57
2024-02-09 04:20,17,60
2024-02-09 04:30,20,67
2024-02-09 04:40,19,66
2024-02-09 04:50,18,64
2024-02-09 05:00,16,63
2024-02-09 05:10,15,61
2024-02-09 05:20,19,63
2024-02-09 05:30,23,66
2024-02-09 05:40,23,65
2024-02-09 05:50,22,65
2024-02-09 06:00,22,64
2024-02-09 06:10,22,64
2024-02-09 06:20,22,63
2024-02-09 06:30,22,63
2024-02-09 06:40,21,62
2024-02-09 06:50,21,62
2024-02-09 07:00,46,51
2024-02-09 07:10,72,40
2024-02-09 07:20,97,30
2024-02-09 07:30,122,19
2024-02-09 07:40,112,16
2024-02-09 07:50,102,13
2024-02-09 08:00,98,13
2024-02-09 08:10,94,12
2024-02-09 08:20,90,12
2024-02-09 08:30,86,11
2024-02-09 08:40,82,11
2024-02-09 08:50,78,10
2024-02-09 09:00,74,10
2024-02-09 09:10,90,12
2024-02-09 09:20,105,14
2024-02-09 09:30,125,13
2024-02-09 09:40,145,12
2024-02-09 09:50,165,11
2024-02-09 10:00,161,12
2024-02-09 10:10,156,14
2024-02-09 10:20,152,15
2024-02-09 10:30,148,16
2024-02-09 10:40,144,18
2024-02-09 10:50,139,19
2024-02-09 11:00,135,21
2024-02-09 11:10,131,22
2024-02-09 11:20,126,23
2024-02-09 11:30,122,25
2024-02-09 11:40,118,26
2024-02-09 11:50,114,27
2024-02-09 12:00,109,29
2024-02-09 12:10,105,30
2024-02-09 12:20,101,31
2024-02-09 12:30,97,33
2024-02-09 12:40,92,34
2024-02-09 12:50,88,36
2024-02-09 13:00,84,37
2024-02-09 13:10,79,38
2024-02-09 13:20,75,40
2024-02-09 13:30,71,41
2024-02-09 13:40,67,42
2024-02-09 13:50,62,44
2024-02-09 14:00,58,45
2024-02-09 14:10,57,46
2024-02-09 14:20,55,48
2024-02-09 14:30,54,49
2024-02-09 14:40,53,50
2024-02-09 14:50,52,51
2024-02-09 15:00,50,53
2024-02-09 15:10,49,54
2024-02-09 15:20,37,37
2024-02-09 15:30,37,38
2024-02-09 15:40,36,39
2024-02-09 15:50,34,41
2024-02-09 16:00,32,42
2024-02-09 16:10,29,44
2024-02-09 16:20,26,46
2024-02-09 16:30,24,47
2024-02-09 16:40,22,49
2024-02-09 16:50,19,51
2024-02-09 17:00,43,46
2024-02-09 17:10,68,42
2024-02-09 17:20,92,37
2024-02-09 17:30,117,33
2024-02-09 17:40,141,28
2024-02-09 17:50,166,24
2024-02-09 18:00,190,19
2024-02-09 18:10,199,17
2024-02-09 18:20,208,15
2024-02-09 18:30,216,13
2024-02-09 18:40,225,12
2024-02-09 18:50,161,18
2024-02-09 19:00,163,15
2024-02-09 19:10,165,12
2024-02-09 19:20,158,11
2024-02-09 19:30,151,11
2024-02-09 19:40,144,10
2024-02-09 19:50,137,10
2024-02-09 20:00,98,26
2024-02-09 20:10,58,42
2024-02-09 20:20,19,59
2024-02-09 20:30,21,61
2024-02-09 20:40,23,63
2024-02-09 20:50,20,63
2024-02-09 21:00,18,63
2024-02-09 21:10,16,62
2024-02-09 21:20,13,62
2024-02-09 21:30,13,62
2024-02-09 21:40,13,62
2024-02-09 21:50,12,62
2024-02-09 22:00,12,62
2024-02-09 22:10,12,62
2024-02-09 22:20,12,62
2024-02-09 22:30,12,62
2024-02-09 22:40,12,62
2024-02-09 22:50,11,61
2024-02-09 23:00,11,61
2024-02-09 23:10,11,61
2024-02-09 23:20,11,62
2024-02-09 23:30,11,63
2024-02-09 23:40,11,65
2024-02-09 23:50,11,66
2024-02-10 00:00,11,67
2024-02-10 00:10,12,68
2024-02-10 00:20,12,69
2024-02-10 00:30,12,70
2024-02-10 00:40,12,71
2024-02-10 00:50,12,72
2024-02-10 01:00,12,73
2024-02-10 01:10,12,68
2024-02-10 01:20,12,64
2024-02-10 01:30,12,59
2024-02-10 01:40,12,54
2024-02-10 01:50,12,50
2024-02-10 02:00,12,50
2024-02-10 02:10,12,51
2024-02-10 02:20,12,52
2024-02-10 02:30,12,52
2024-02-10 02:40,12,53
2024-02-10 02:50,12,54
2024-02-10 03:00,11,54
2024-02-10 03:10,11,55
2024-02-10 03:20,11,56
2024-02-10 03:30,11,56
2024-02-10 03:40,11,57
2024-02-10 03:50,11,58
2024-02-10 04:00,11,57
2024-02-10 04:10,10,57
2024-02-10 04:20,10,56
2024-02-10 04:30,10,60
2024-02-10 04:40,10,63
2024-02-10 04:50,8,67
2024-02-10 05:00,7,71
2024-02-10 05:10,7,69
2024-02-10 05:20,8,66
2024-02-10 05:30,8,64
2024-02-10 05:40,8,61
2024-02-10 05:50,8,59
2024-02-10 06:00,9,57
2024-02-10 06:10,9,54
2024-02-10 06:20,9,52
2024-02-10 06:30,10,49
2024-02-10 06:40,10,47
2024-02-10 06:50,20,42
2024-02-10 07:00,30,36
2024-02-10 07:10,40,31
2024-02-10 07:20,39,31
2024-02-10 07:30,38,32
2024-02-10 07:40,37,32
2024-02-10 07:50,36,32
2024-02-10 08:00,36,33
2024-02-10 08:10,35,33
2024-02-10 08:20,34,34
2024-02-10 08:30,33,34
2024-02-10 08:40,32,35
2024-02-10 08:50,31,35
2024-02-10 09:00,43,31
2024-02-10 09:10,40,31
2024-02-10 09:20,38,32
2024-02-10 09:30,35,33
2024-02-10 09:40,32,34
2024-02-10 09:50,24,42
2024-02-10 10:00,15,50
2024-02-10 10:10,16,47
2024-02-10 10:20,17,44
2024-02-10 10:30,18,41
2024-02-10 10:40,19,38
2024-02-10 10:50,35,32
2024-02-10 11:00,52,27
2024-02-10 11:10,68,21
2024-02-10 11:20,67,22
2024-02-10 11:30,65,23
2024-02-10 11:40,64,24
2024-02-10 11:50,62,24
2024-02-10 12:00,61,25
2024-02-10 12:10,59,26
2024-02-10 12:20,58,27
2024-02-10 12:30,56,27
2024-02-10 12:40,55,28
2024-02-10 12:50,54,29
2024-02-10 13:00,52,30
2024-02-10 13:10,51,31
2024-02-10 13:20,49,31
2024-02-10 13:30,48,32
2024-02-10 13:40,46,33
2024-02-10 13:50,45,34
2024-02-10 14:00,43,34
2024-02-10 14:10,42,35
2024-02-10 14:20,41,36
2024-02-10 14:30,39,37
2024-02-10 14:40,38,38
2024-02-10 14:50,36,38
2024-02-10 15:00,35,39
2024-02-10 15:10,33,40
2024-02-10 15:20,32,41
2024-02-10 15:30,30,42
2024-02-10 15:40,29,42
2024-02-10 15:50,31,40
2024-02-10 16:00,33,39
2024-02-10 16:10,35,37
2024-02-10 16:20,36,35
2024-02-10 16:30,38,33
2024-02-10 16:40,40,31
2024-02-10 16:50,42,29
2024-02-10 17:00,99,21
2024-02-10 17:10,96,22
2024-02-10 17:20,92,24
2024-02-10 17:30,88,26
2024-02-10 17:40,85,28
2024-02-10 17:50,73,26
2024-02-10 18:00,62,25
2024-02-10 18:10,50,24
2024-02-10 18:20,60,10
2024-02-10 18:30,68,13
2024-02-10 18:40,75,15
2024-02-10 18:50,82,18
2024-02-10 19:00,90,20
2024-02-10 19:10,76,26
2024-02-10 19:20,62,32
2024-02-10 19:30,48,38
2024-02-10 19:40,33,44
2024-02-10 19:50,19,50
2024-02-10 20:00,5,56
2024-02-10 20:10,11,66
2024-02-10 20:20,14,54
2024-02-10 20:30,18,43
2024-02-10 20:40,10,72
2024-02-10 20:50,10,67
2024-02-10 21:00,10,62
2024-02-10 21:10,11,57
2024-02-10 21:20,11,52
2024-02-10 21:30,10,52
2024-02-10 21:40,10,51
2024-02-10 21:50,10,50
2024-02-10 22:00,9,50
2024-02-10 22:10,12,49
2024-02-10 22:20,12,51
2024-02-10 22:30,12,53
2024-02-10 22:40,12,55
2024-02-10 22:50,13,58
2024-02-10 23:00,13,60
2024-02-10 23:10,13,62
2024-02-10 23:20,13,64
2024-02-10 23:30,13,64
2024-02-10 23:40,13,64
2024-02-10 23:50,13,63
2024-02-11 00:00,12,63
2024-02-11 00:10,12,63
2024-02-11 00:20,12,62
2024-02-11 00:30,12,62
2024-02-11 00:40,12,62
2024-02-11 00:50,12,62
2024-02-11 01:00,12,62
2024-02-11 01:10,11,62
2024-02-11 01:20,11,62
2024-02-11 01:30,11,62
2024-02-11 01:40,11,62
2024-02-11 01:50,11,62
2024-02-11 02:00,11,63
2024-02-11 02:10,10,63
2024-02-11 02:20,10,63
2024-02-11 02:30,10,63
2024-02-11 02:40,10,63
2024-02-11 02:50,10,63
2024-02-11 03:00,10,63
2024-02-11 03:10,9,64
2024-02-11 03:20,9,64
2024-02-11 03:30,9,64
2024-02-11 03:40,8,64
2024-02-11 03:50,7,63
2024-02-11 04:00,6,63
2024-02-11 04:10,8,61
2024-02-11 04:20,9,59
2024-02-11 04:30,10,57
2024-02-11 04:40,11,55
2024-02-11 04:50,12,53
2024-02-11 05:00,12,53
2024-02-11 05:10,13,52
2024-02-11 05:20,13,51
2024-02-11 05:30,14,50
2024-02-11 05:40,14,49
2024-02-11 05:50,14,48
2024-02-11 06:00,15,47
2024-02-11 06:10,16,46
2024-02-11 06:20,16,45
2024-02-11 06:30,11,57
2024-02-11 06:40,14,59
2024-02-11 06:50,16,61
2024-02-11 07:00,19,55
2024-02-11 07:10,22,49
2024-02-11 07:20,24,42
2024-02-11 07:30,27,36
2024-02-11 07:40,30,30
2024-02-11 07:50,33,23
2024-02-11 08:00,41,22
2024-02-11 08:10,48,12
2024-02-11 08:20,46,13
2024-02-11 08:30,44,14
2024-02-11 08:40,42,15
2024-02-11 08:50,40,16
2024-02-11 09:00,38,16
2024-02-11 09:10,35,17
2024-02-11 09:20,33,18
2024-02-11 09:30,31,19
2024-02-11 09:40,29,20
2024-02-11 09:50,27,20
2024-02-11 10:00,35,29
2024-02-11 10:10,36,29
2024-02-11 10:20,37,29
2024-02-11 10:30,38,29
2024-02-11 10:40,39,29
2024-02-11 10:50,40,29
2024-02-11 11:00,41,28
2024-02-11 11:10,42,28
2024-02-11 11:20,43,28
2024-02-11 11:30,44,28
2024-02-11 11:40,52,25
2024-02-11 11:50,59,22
2024-02-11 12:00,63,23
2024-02-11 12:10,67,24
2024-02-11 12:20,71,26
2024-02-11 12:30,75,27
2024-02-11 12:40,70,27
2024-02-11 12:50,65,27
2024-02-11 13:00,60,26
2024-02-11 13:10,58,27
2024-02-11 13:20,55,28
2024-02-11 13:30,53,29
2024-02-11 13:40,50,29
2024-02-11 13:50,39,33
2024-02-11 14:00,27,36
2024-02-11 14:10,28,36
2024-02-11 14:20,30,35
2024-02-11 14:30,32,34
2024-02-11 14:40,33,34
2024-02-11 14:50,34,33
2024-02-11 15:00,36,32
2024-02-11 15:10,38,32
2024-02-11 15:20,39,31
2024-02-11 15:30,40,30
2024-02-11 15:40,42,30
2024-02-11 15:50,44,29
2024-02-11 16:00,45,28
2024-02-11 16:10,34,40
2024-02-11 16:20,32,42
2024-02-11 16:30,29,44
2024-02-11 16:40,26,47
2024-02-11 16:50,24,49
2024-02-11 17:00,74,30
2024-02-11 17:10,124,10
2024-02-11 17:20,111,13
2024-02-11 17:30,98,15
2024-02-11 17:40,84,18
2024-02-11 17:50,71,20
2024-02-11 18:00,58,23
2024-02-11 18:10,59,23
2024-02-11 18:20,59,22
2024-02-11 18:30,60,22
2024-02-11 18:40,61,21
2024-02-11 18:50,62,21
2024-02-11 19:00,62,20
2024-02-11 19:10,63,20
2024-02-11 19:20,64,20
2024-02-11 19:30,65,19
2024-02-11 19:40,65,19
2024-02-11 19:50,66,18
2024-02-11 20:00,57,23
2024-02-11 20:10,49,28
2024-02-11 20:20,40,33
2024-02-11 20:30,31,37
2024-02-11 20:40,23,42
2024-02-11 20:50,14,47
2024-02-11 21:00,13,51
2024-02-11 21:10,13,55
2024-02-11 21:20,12,59
2024-02-11 21:30,12,63
2024-02-11 21:40,11,67
2024-02-11 21:50,11,69
2024-02-11 22:00,11,71
2024-02-11 22:10,11,73
2024-02-11 22:20,10,75
2024-02-11 22:30,10,78
2024-02-11 22:40,10,80
2024-02-11 22:50,10,82
2024-02-11 23:00,10,84
2024-02-11 23:10,11,77
2024-02-11 23:20,12,70
2024-02-11 23:30,12,64
2024-02-11 23:40,13,57
2024-02-11 23:50,13,57
2024-02-12 00:00,13,57
2024-02-12 00:10,13,57
2024-02-12 00:20,13,57
2024-02-12 00:30,13,57
2024-02-12 00:40,14,57
2024-02-12 00:50,14,57
2024-02-12 01:00,14,57
2024-02-12 01:10,14,57
2024-02-12 01:20,14,57
2024-02-12 01:30,14,57
2024-02-12 01:40,14,57
2024-02-12 01:50,12,57
2024-02-12 02:00,14,58
2024-02-12 02:10,19,63
2024-02-12 02:20,20,61
2024-02-12 02:30,20,59
2024-02-12 02:40,20,57
2024-02-12 02:50,21,55
2024-02-12 03:00,22,53
2024-02-12 03:10,22,51
2024-02-12 03:20,22,49
2024-02-12 03:30,23,47
2024-02-12 03:40,24,45
2024-02-12 03:50,24,43
2024-02-12 04:00,23,45
2024-02-12 04:10,23,46
2024-02-12 04:20,22,48
2024-02-12 04:30,22,49
2024-02-12 04:40,21,51
2024-02-12 04:50,21,52
2024-02-12 05:00,20,54
2024-02-12 05:10,19,55
2024-02-12 05:20,19,57
2024-02-12 05:30,18,59
2024-02-12 05:40,18,60
2024-02-12 05:50,17,62
2024-02-12 06:00,17,63
2024-02-12 06:10,16,65
2024-02-12 06:20,25,60
2024-02-12 06:30,34,56
2024-02-12 06:40,43,51
2024-02-12 06:50,52,47
2024-02-12 07:00,60,43
2024-02-12 07:10,69,38
2024-02-12 07:20,78,34
2024-02-12 07:30,87,29
2024-02-12 07:40,96,25
2024-02-12 07:50,105,20
2024-02-12 08:00,144,15
2024-02-12 08:10,184,10
2024-02-12 08:20,178,12
2024-02-12 08:30,173,13
2024-02-12 08:40,167,15
2024-02-12 08:50,162,17
2024-02-12 09:00,156,18
2024-02-12 09:10,150,20
2024-02-12 09:20,145,22
2024-02-12 09:30,139,23
2024-02-12 09:40,134,25
2024-02-12 09:50,128,27
2024-02-12 10:00,122,28
2024-02-12 10:10,117,30
2024-02-12 10:20,111,32
2024-02-12 10:30,106,33
2024-02-12 10:40,100,35
2024-02-12 10:50,94,37
2024-02-12 11:00,89,38
2024-02-12 11:10,83,40
2024-02-12 11:20,78,42
2024-02-12 11:30,72,44
2024-02-12 11:40,51,43
2024-02-12 11:50,30,42
2024-02-12 12:00,98,12
2024-02-12 12:10,97,13
2024-02-12 12:20,95,14
2024-02-12 12:30,94,15
2024-02-12 12:40,92,17
2024-02-12 12:50,91,18
2024-02-12 13:00,90,19
2024-02-12 13:10,88,20
2024-02-12 13:20,87,21
2024-02-12 13:30,57,31
2024-02-12 13:40,53,32
2024-02-12 13:50,48,32
2024-02-12 14:00,50,33
2024-02-12 14:10,52,34
2024-02-12 14:20,54,35
2024-02-12 14:30,56,36
2024-02-12 14:40,58,37
2024-02-12 14:50,59,38
2024-02-12 15:00,61,39
2024-02-12 15:10,63,40
2024-02-12 15:20,61,38
2024-02-12 15:30,69,38
2024-02-12 15:40,77,37
2024-02-12 15:50,85,36
2024-02-12 16:00,93,35
2024-02-12 16:10,101,35
2024-02-12 16:20,109,34
2024-02-12 16:30,117,33
2024-02-12 16:40,125,33
2024-02-12 16:50,133,32
2024-02-12 17:00,141,31
2024-02-12 17:10,149,31
2024-02-12 17:20,157,30
2024-02-12 17:30,165,29
2024-02-12 17:40,173,29
2024-02-12 17:50,181,28
2024-02-12 18:00,189,27
2024-02-12 18:10,197,27
2024-02-12 18:20,205,26
2024-02-12 18:30,187,28
2024-02-12 18:40,169,31
2024-02-12 18:50,151,33
2024-02-12 19:00,133,36
2024-02-12 19:10,115,38
2024-02-12 19:20,97,41
2024-02-12 19:30,79,43
2024-02-12 19:40,61,46
2024-02-12 19:50,43,48
2024-02-12 20:00,25,51
2024-02-12 20:10,23,57
2024-02-12 20:20,21,64
2024-02-12 20:30,12,58
2024-02-12 20:40,12,57
2024-02-12 20:50,12,56
2024-02-12 21:00,12,54
2024-02-12 21:10,12,53
2024-02-12 21:20,12,58
2024-02-12 21:30,13,62
2024-02-12 21:40,14,67
2024-02-12 21:50,16,64
2024-02-12 22:00,18,60
2024-02-12 22:10,20,57
2024-02-12 22:20,22,54
2024-02-12 22:30,24,51
2024-02-12 22:40,26,48
2024-02-12 22:50,28,45
2024-02-12 23:00,30,42
2024-02-12 23:10,27,46
2024-02-12 23:20,25,50
2024-02-12 23:30,22,54
2024-02-12 23:40,20,58
2024-02-12 23:50,17,62
2024-02-13 00:00,19,57
2024-02-13 00:10,16,60
2024-02-13 00:20,14,63
2024-02-13 00:30,21,56
2024-02-13 00:40,28,49
2024-02-13 00:50,22,50
2024-02-13 01:00,18,51
2024-02-13 01:10,18,54
2024-02-13 01:20,18,56
2024-02-13 01:30,19,59
2024-02-13 01:40,19,61
2024-02-13 01:50,10,71
2024-02-13 02:00,11,68
2024-02-13 02:10,13,66
2024-02-13 02:20,14,64
2024-02-13 02:30,15,63
2024-02-13 02:40,16,62
2024-02-13 02:50,17,61
2024-02-13 03:00,18,60
2024-02-13 03:10,18,58
2024-02-13 03:20,19,57
2024-02-13 03:30,20,56
2024-02-13 03:40,21,55
2024-02-13 03:50,22,54
2024-02-13 04:00,23,53
2024-02-13 04:10,12,54
2024-02-13 04:20,16,52
2024-02-13 04:30,20,50
2024-02-13 04:40,23,48
2024-02-13 04:50,21,52
2024-02-13 05:00,20,55
2024-02-13 05:10,18,58
2024-02-13 05:20,16,62
2024-02-13 05:30,16,62
2024-02-13 05:40,16,63
2024-02-13 05:50,16,63
2024-02-13 06:00,16,64
2024-02-13 06:10,16,64
2024-02-13 06:20,16,64
2024-02-13 06:30,27,50
2024-02-13 06:40,82,38
2024-02-13 06:50,137,26
2024-02-13 07:00,192,14
2024-02-13 07:10,177,17
2024-02-13 07:20,162,19
2024-02-13 07:30,147,22
2024-02-13 07:40,132,24
2024-02-13 07:50,117,26
2024-02-13 08:00,115,23
2024-02-13 08:10,113,20
2024-02-13 08:20,112,17
2024-02-13 08:30,110,14
2024-02-13 08:40,108,10
2024-02-13 08:50,101,12
2024-02-13 09:00,94,14
2024-02-13 09:10,86,16
2024-02-13 09:20,79,18
2024-02-13 09:30,72,19
2024-02-13 09:40,65,21
2024-02-13 09:50,57,23
2024-02-13 10:00,50,25
2024-02-13 10:10,43,27
2024-02-13 10:20,44,28
2024-02-13 10:30,45,29
2024-02-13 10:40,47,30
2024-02-13 10:50,48,31
2024-02-13 11:00,49,32
2024-02-13 11:10,56,27
2024-02-13 11:20,64,22
2024-02-13 11:30,72,17
2024-02-13 11:40,79,12
2024-02-13 11:50,80,14
2024-02-13 12:00,81,16
2024-02-13 12:10,82,19
2024-02-13 12:20,83,21
2024-02-13 12:30,81,22
2024-02-13 12:40,79,24
2024-02-13 12:50,77,25
2024-02-13 13:00,75,27
2024-02-13 13:10,74,29
2024-02-13 13:20,72,30
2024-02-13 13:30,70,32
2024-02-13 13:40,68,33
2024-02-13 13:50,66,35
2024-02-13 14:00,64,36
2024-02-13 14:10,62,37
2024-02-13 14:20,59,37
2024-02-13 14:30,57,37
2024-02-13 14:40,54,38
2024-02-13 14:50,52,38
2024-02-13 15:00,49,39
2024-02-13 15:10,47,39
2024-02-13 15:20,44,39
2024-02-13 15:30,42,40
2024-02-13 15:40,53,38
2024-02-13 15:50,65,35
2024-02-13 16:00,76,33
2024-02-13 16:10,87,31
2024-02-13 16:20,98,29
2024-02-13 16:30,110,27
2024-02-13 16:40,121,24
2024-02-13 16:50,132,22
2024-02-13 17:00,143,20
2024-02-13 17:10,155,18
2024-02-13 17:20,166,15
2024-02-13 17:30,136,16
2024-02-13 17:40,106,16
2024-02-13 17:50,103,17
2024-02-13 18:00,151,16
2024-02-13 18:10,200,16
2024-02-13 18:20,101,10
2024-02-13 18:30,116,11
2024-02-13 18:40,132,12
2024-02-13 18:50,147,13
2024-02-13 19:00,163,14
2024-02-13 19:10,178,16
2024-02-13 19:20,155,23
2024-02-13 19:30,132,31
2024-02-13 19:40,109,39
2024-02-13 19:50,87,47
2024-02-13 20:00,64,55
2024-02-13 20:10,41,63
2024-02-13 20:20,18,71
2024-02-13 20:30,19,69
2024-02-13 20:40,20,68
2024-02-13 20:50,21,66
2024-02-13 21:00,22,65
2024-02-13 21:10,22,63
2024-02-13 21:20,23,62
2024-02-13 21:30,24,60
2024-02-13 21:40,25,58
2024-02-13 21:50,26,57
2024-02-13 22:00,27,55
2024-02-13 22:10,14,63
2024-02-13 22:20,12,63
2024-02-13 22:30,10,62
2024-02-13 22:40,8,62
2024-02-13 22:50,17,56
2024-02-13 23:00,19,58
2024-02-13 23:10,21,61
2024-02-13 23:20,20,60
2024-02-13 23:30,19,60
2024-02-13 23:40,18,59
2024-02-13 23:50,17,59
2024-02-14 00:00,16,58
2024-02-14 00:10,16,58
2024-02-14 00:20,15,57
2024-02-14 00:30,14,56
2024-02-14 00:40,13,56
2024-02-14 00:50,12,55
2024-02-14 01:00,13,55
2024-02-14 01:10,15,54
2024-02-14 01:20,16,54
2024-02-14 01:30,18,53
2024-02-14 01:40,19,53
2024-02-14 01:50,20,52
2024-02-14 02:00,22,52
2024-02-14 02:10,23,52
2024-02-14 02:20,20,55
2024-02-14 02:30,17,58
2024-02-14 02:40,14,62
2024-02-14 02:50,11,66
2024-02-14 03:00,16,48
2024-02-14 03:10,21,31
2024-02-14 03:20,20,41
2024-02-14 03:30,19,52
2024-02-14 03:40,20,54
2024-02-14 03:50,20,56
2024-02-14 04:00,21,58
2024-02-14 04:10,22,60
2024-02-14 04:20,31,45
2024-02-14 04:30,27,52
2024-02-14 04:40,23,58
2024-02-14 04:50,19,65
2024-02-14 05:00,20,59
2024-02-14 05:10,22,53
2024-02-14 05:20,23,48
2024-02-14 05:30,23,50
2024-02-14 05:40,23,52
2024-02-14 05:50,22,54
2024-02-14 06:00,22,56
2024-02-14 06:10,22,58
2024-02-14 06:20,22,60
2024-02-14 06:30,53,53
2024-02-14 06:40,83,46
2024-02-14 06:50,114,38
2024-02-14 07:00,145,31
2024-02-14 07:10,176,24
2024-02-14 07:20,137,10
2024-02-14 07:30,110,15
2024-02-14 07:40,83,20
2024-02-14 07:50,80,22
2024-02-14 08:00,77,23
2024-02-14 08:10,75,24
2024-02-14 08:20,72,25
2024-02-14 08:30,69,27
2024-02-14 08:40,66,28
2024-02-14 08:50,63,29
2024-02-14 09:00,61,30
2024-02-14 09:10,58,31
2024-02-14 09:20,55,33
2024-02-14 09:30,52,34
2024-02-14 09:40,49,35
2024-02-14 09:50,47,36
2024-02-14 10:00,44,37
2024-02-14 10:10,41,39
2024-02-14 10:20,46,30
2024-02-14 10:30,56,29
2024-02-14 10:40,58,29
2024-02-14 10:50,59,29
2024-02-14 11:00,61,29
2024-02-14 11:10,63,29
2024-02-14 11:20,65,29
2024-02-14 11:30,66,29
2024-02-14 11:40,68,30
2024-02-14 11:50,58,35
2024-02-14 12:00,49,41
2024-02-14 12:10,11,41
2024-02-14 12:20,40,39
2024-02-14 12:30,68,37
2024-02-14 12:40,54,25
2024-02-14 12:50,58,24
2024-02-14 13:00,63,24
2024-02-14 13:10,67,23
2024-02-14 13:20,72,22
2024-02-14 13:30,76,21
2024-02-14 13:40,70,24
2024-02-14 13:50,64,26
2024-02-14 14:00,59,29
2024-02-14 14:10,53,31
2024-02-14 14:20,47,34
2024-02-14 14:30,41,36
2024-02-14 14:40,35,39
2024-02-14 14:50,29,41
2024-02-14 15:00,24,44
2024-02-14 15:10,18,47
2024-02-14 15:20,12,49
2024-02-14 15:30,26,48
2024-02-14 15:40,40,47
2024-02-14 15:50,55,45
2024-02-14 16:00,69,44
2024-02-14 16:10,27,37
2024-02-14 16:20,30,37
2024-02-14 16:30,34,38
2024-02-14 16:40,38,38
2024-02-14 16:50,41,39
2024-02-14 17:00,137,26
2024-02-14 17:10,91,10
2024-02-14 17:20,98,13
2024-02-14 17:30,104,15
2024-02-14 17:40,110,17
2024-02-14 17:50,117,20
2024-02-14 18:00,182,24
2024-02-14 18:10,142,10
2024-02-14 18:20,87,10
2024-02-14 18:30,83,12
2024-02-14 18:40,80,15
2024-02-14 18:50,76,17
2024-02-14 19:00,73,19
2024-02-14 19:10,69,22
2024-02-14 19:20,66,24
2024-02-14 19:30,62,27
2024-02-14 19:40,59,29
2024-02-14 19:50,55,31
2024-02-14 20:00,51,34
2024-02-14 20:10,48,36
2024-02-14 20:20,44,38
2024-02-14 20:30,41,41
2024-02-14 20:40,37,43
2024-02-14 20:50,34,45
2024-02-14 21:00,30,48
2024-02-14 21:10,27,50
2024-02-14 21:20,23,52
2024-02-14 21:30,22,61
2024-02-14 21:40,19,62
2024-02-14 21:50,16,62
2024-02-14 22:00,12,63
2024-02-14 22:10,13,63
2024-02-14 22:20,13,63
2024-02-14 22:30,13,62
2024-02-14 22:40,13,62
2024-02-14 22:50,13,62
2024-02-14 23:00,13,62
2024-02-14 23:10,13,61
2024-02-14 23:20,16,62
2024-02-14 23:30,20,64
2024-02-14 23:40,23,65
2024-02-14 23:50,22,66
2024-02-15 00:00,21,68
2024-02-15 00:10,20,69
2024-02-15 00:20,19,71
2024-02-15 00:30,19,73
2024-02-15 00:40,18,74
2024-02-15 00:50,17,76
2024-02-15 01:00,16,77
2024-02-15 01:10,15,79
2024-02-15 01:20,17,72
2024-02-15 01:30,19,65
2024-02-15 01:40,21,58
2024-02-15 01:50,23,50
2024-02-15 02:00,5,60
2024-02-15 02:10,6,62
2024-02-15 02:20,8,64
2024-02-15 02:30,9,65
2024-02-15 02:40,18,55
2024-02-15 02:50,23,66
2024-02-15 03:00,21,62
2024-02-15 03:10,20,57
2024-02-15 03:20,18,53
2024-02-15 03:30,18,52
2024-02-15 03:40,18,51
2024-02-15 03:50,18,49
2024-02-15 04:00,18,48
2024-02-15 04:10,18,47
2024-02-15 04:20,21,46
2024-02-15 04:30,23,45
2024-02-15 04:40,26,43
2024-02-15 04:50,28,42
2024-02-15 05:00,31,41
2024-02-15 05:10,33,40
2024-02-15 05:20,36,39
2024-02-15 05:30,38,38
2024-02-15 05:40,41,37
2024-02-15 05:50,43,35
2024-02-15 06:00,46,34
2024-02-15 06:10,48,33
2024-02-15 06:20,51,32
2024-02-15 06:30,53,31
2024-02-15 06:40,56,30
2024-02-15 06:50,58,29
2024-02-15 07:00,61,27
2024-02-15 07:10,63,26
2024-02-15 07:20,66,25
2024-02-15 07:30,68,24
2024-02-15 07:40,71,23
2024-02-15 07:50,73,22
2024-02-15 08:00,76,21
2024-02-15 08:10,78,19
2024-02-15 08:20,81,18
2024-02-15 08:30,92,16
2024-02-15 08:40,104,14
2024-02-15 08:50,115,12
2024-02-15 09:00,126,10
2024-02-15 09:10,149,20
2024-02-15 09:20,172,30
2024-02-15 09:30,145,33
2024-02-15 09:40,118,35
2024-02-15 09:50,90,37
2024-02-15 10:00,63,39
2024-02-15 10:10,36,41
2024-02-15 10:20,58,46
2024-02-15 10:30,56,39
2024-02-15 10:40,55,33
2024-02-15 10:50,53,26
2024-02-15 11:00,86,23
2024-02-15 11:10,119,19
2024-02-15 11:20,67,21
2024-02-15 11:30,51,30
2024-02-15 11:40,36,39
2024-02-15 11:50,20,47
2024-02-15 12:00,40,45
2024-02-15 12:10,59,42
2024-02-15 12:20,79,39
2024-02-15 12:30,78,37
2024-02-15 12:40,77,36
2024-02-15 12:50,75,34
2024-02-15 13:00,74,32
2024-02-15 13:10,73,30
2024-02-15 13:20,72,28
2024-02-15 13:30,71,26
2024-02-15 13:40,70,25
2024-02-15 13:50,68,23
2024-02-15 14:00,67,21
2024-02-15 14:10,66,19
2024-02-15 14:20,58,28
2024-02-15 14:30,49,37
2024-02-15 14:40,57,36
2024-02-15 14:50,64,35
2024-02-15 15:00,61,39
2024-02-15 15:10,57,42
2024-02-15 15:20,53,46
2024-02-15 15:30,57,41
2024-02-15 15:40,61,37
2024-02-15 15:50,66,33
2024-02-15 16:00,70,28
2024-02-15 16:10,74,24
2024-02-15 16:20,25,45
2024-02-15 16:30,41,37
2024-02-15 16:40,39,37
2024-02-15 16:50,58,34
2024-02-15 17:00,77,31
2024-02-15 17:10,96,28
2024-02-15 17:20,115,25
2024-02-15 17:30,134,23
2024-02-15 17:40,153,20
2024-02-15 17:50,140,19
2024-02-15 18:00,128,18
2024-02-15 18:10,115,17
2024-02-15 18:20,102,16
2024-02-15 18:30,90,15
2024-02-15 18:40,77,14
2024-02-15 18:50,98,14
2024-02-15 19:00,120,15
2024-02-15 19:10,142,16
2024-02-15 19:20,163,17
2024-02-15 19:30,184,18
2024-02-15 19:40,206,19
2024-02-15 19:50,179,26
2024-02-15 20:00,152,32
2024-02-15 20:10,125,38
2024-02-15 20:20,98,45
2024-02-15 20:30,71,51
2024-02-15 20:40,44,57
2024-02-15 20:50,17,64
2024-02-15 21:00,16,60
2024-02-15 21:10,15,57
2024-02-15 21:20,17,53
2024-02-15 21:30,20,49
2024-02-15 21:40,22,45
2024-02-15 21:50,24,54
2024-02-15 22:00,25,63
2024-02-15 22:10,20,63
2024-02-15 22:20,15,64
2024-02-15 22:30,16,62
2024-02-15 22:40,17,61
2024-02-15 22:50,18,60
2024-02-15 23:00,19,58
2024-02-15 23:10,19,61
2024-02-15 23:20,19,63
2024-02-15 23:30,19,65
2024-02-15 23:40,19,67
2024-02-15 23:50,19,69
2024-02-16 00:00,19,71
2024-02-16 00:10,19,73
2024-02-16 00:20,19,75
2024-02-16 00:30,18,70
2024-02-16 00:40,17,64
2024-02-16 00:50,16,58
2024-02-16 01:00,16,59
2024-02-16 01:10,15,59
2024-02-16 01:20,15,60
2024-02-16 01:30,14,60
2024-02-16 01:40,14,61
2024-02-16 01:50,14,61
2024-02-16 02:00,13,62
2024-02-16 02:10,13,62
2024-02-16 02:20,12,63
2024-02-16 02:30,12,61
2024-02-16 02:40,12,59
2024-02-16 02:50,11,57
2024-02-16 03:00,11,55
2024-02-16 03:10,10,60
2024-02-16 03:20,9,64
2024-02-16 03:30,8,69
2024-02-16 03:40,7,74
2024-02-16 03:50,17,66
2024-02-16 04:00,17,63
2024-02-16 04:10,17,61
2024-02-16 04:20,17,58
2024-02-16 04:30,17,56
2024-02-16 04:40,17,53
2024-02-16 04:50,18,50
2024-02-16 05:00,17,60
2024-02-16 05:10,16,69
2024-02-16 05:20,14,69
2024-02-16 05:30,12,69
2024-02-16 05:40,10,70
2024-02-16 05:50,8,70
2024-02-16 06:00,21,62
2024-02-16 06:10,35,53
2024-02-16 06:20,48,45
2024-02-16 06:30,62,36
2024-02-16 06:40,75,28
2024-02-16 06:50,89,19
2024-02-16 07:00,102,11
2024-02-16 07:10,109,11
2024-02-16 07:20,116,11
2024-02-16 07:30,123,11
2024-02-16 07:40,130,11
2024-02-16 07:50,136,10
2024-02-16 08:00,143,10
2024-02-16 08:10,150,10
2024-02-16 08:20,157,10
2024-02-16 08:30,164,10
2024-02-16 08:40,171,10
2024-02-16 08:50,168,10
2024-02-16 09:00,164,10
2024-02-16 09:10,161,11
2024-02-16 09:20,160,14
2024-02-16 09:30,160,16
2024-02-16 09:40,159,19
2024-02-16 09:50,102,25
2024-02-16 10:00,45,30
2024-02-16 10:10,46,32
2024-02-16 10:20,47,34
2024-02-16 10:30,49,36
2024-02-16 10:40,50,38
2024-02-16 10:50,51,40
2024-02-16 11:00,53,37
2024-02-16 11:10,56,35
2024-02-16 11:20,58,32
2024-02-16 11:30,60,30
2024-02-16 11:40,63,27
2024-02-16 11:50,65,24
2024-02-16 12:00,73,20
2024-02-16 12:10,80,15
2024-02-16 12:20,88,10
2024-02-16 12:30,87,13
2024-02-16 12:40,86,15
2024-02-16 12:50,85,17
2024-02-16 13:00,84,19
2024-02-16 13:10,83,21
2024-02-16 13:20,82,24
2024-02-16 13:30,81,26
2024-02-16 13:40,80,28
2024-02-16 13:50,79,30
2024-02-16 14:00,73,31
2024-02-16 14:10,67,32
2024-02-16 14:20,61,34
2024-02-16 14:30,67,33
2024-02-16 14:40,73,32
2024-02-16 14:50,79,32
2024-02-16 15:00,85,31
2024-02-16 15:10,91,31
2024-02-16 15:20,97,30
2024-02-16 15:30,103,30
2024-02-16 15:40,108,29
2024-02-16 15:50,114,29
2024-02-16 16:00,120,28
2024-02-16 16:10,126,28
2024-02-16 16:20,132,27
2024-02-16 16:30,138,27
2024-02-16 16:40,144,26
2024-02-16 16:50,150,26
2024-02-16 17:00,156,25
2024-02-16 17:10,141,20
2024-02-16 17:20,127,16
2024-02-16 17:30,112,11
2024-02-16 17:40,116,12
2024-02-16 17:50,119,14
2024-02-16 18:00,122,15
2024-02-16 18:10,126,16
2024-02-16 18:20,130,17
2024-02-16 18:30,133,18
2024-02-16 18:40,135,16
2024-02-16 18:50,138,14
2024-02-16 19:00,140,12
2024-02-16 19:10,142,10
2024-02-16 19:20,122,19
2024-02-16 19:30,101,27
2024-02-16 19:40,80,36
2024-02-16 19:50,60,45
2024-02-16 20:00,40,54
2024-02-16 20:10,19,62
2024-02-16 20:20,20,60
2024-02-16 20:30,20,57
2024-02-16 20:40,21,55
2024-02-16 20:50,22,52
2024-02-16 21:00,18,64
2024-02-16 21:10,15,75
2024-02-16 21:20,21,68
2024-02-16 21:30,19,66
2024-02-16 21:40,17,63
2024-02-16 21:50,15,61
2024-02-16 22:00,15,62
2024-02-16 22:10,15,62
2024-02-16 22:20,15,63
2024-02-16 22:30,15,64
2024-02-16 22:40,15,64
2024-02-16 22:50,15,65
2024-02-16 23:00,15,66
2024-02-16 23:10,15,66
2024-02-16 23:20,14,67
2024-02-16 23:30,13,67
2024-02-16 23:40,11,66
2024-02-16 23:50,22,54
2024-02-17 00:00,16,70
2024-02-17 00:10,12,62
2024-02-17 00:20,13,59
2024-02-17 00:30,13,56
2024-02-17 00:40,14,54
2024-02-17 00:50,16,63
2024-02-17 01:00,15,65
2024-02-17 01:10,15,67
2024-02-17 01:20,14,69
2024-02-17 01:30,14,70
2024-02-17 01:40,13,72
2024-02-17 01:50,13,74
2024-02-17 02:00,12,76
2024-02-17 02:10,10,69
2024-02-17 02:20,8,63
2024-02-17 02:30,13,72
2024-02-17 02:40,13,71
2024-02-17 02:50,13,69
2024-02-17 03:00,13,68
2024-02-17 03:10,13,67
2024-02-17 03:20,13,66
2024-02-17 03:30,13,64
2024-02-17 03:40,13,63
2024-02-17 03:50,13,62
2024-02-17 04:00,13,61
2024-02-17 04:10,13,59
2024-02-17 04:20,13,58
2024-02-17 04:30,13,57
2024-02-17 04:40,10,56
2024-02-17 04:50,6,66
2024-02-17 05:00,6,66
2024-02-17 05:10,6,67
2024-02-17 05:20,7,68
2024-02-17 05:30,7,68
2024-02-17 05:40,7,69
2024-02-17 05:50,7,70
2024-02-17 06:00,7,71
2024-02-17 06:10,8,72
2024-02-17 06:20,8,72
2024-02-17 06:30,8,73
2024-02-17 06:40,12,65
2024-02-17 06:50,16,56
2024-02-17 07:00,17,53
2024-02-17 07:10,18,49
2024-02-17 07:20,18,46
2024-02-17 07:30,19,42
2024-02-17 07:40,20,38
2024-02-17 07:50,21,35
2024-02-17 08:00,30,31
2024-02-17 08:10,39,28
2024-02-17 08:20,18,25
2024-02-17 08:30,24,29
2024-02-17 08:40,31,33
2024-02-17 08:50,34,29
2024-02-17 09:00,38,25
2024-02-17 09:10,41,21
2024-02-17 09:20,33,17
2024-02-17 09:30,42,23
2024-02-17 09:40,50,30
2024-02-17 09:50,48,31
2024-02-17 10:00,45,33
2024-02-17 10:10,43,34
2024-02-17 10:20,41,36
2024-02-17 10:30,38,37
2024-02-17 10:40,36,39
2024-02-17 10:50,34,40
2024-02-17 11:00,32,42
2024-02-17 11:10,29,44
2024-02-17 11:20,27,45
2024-02-17 11:30,39,41
2024-02-17 11:40,52,37
2024-02-17 11:50,64,33
2024-02-17 12:00,76,28
2024-02-17 12:10,72,28
2024-02-17 12:20,69,27
2024-02-17 12:30,65,26
2024-02-17 12:40,49,33
2024-02-17 12:50,33,41
2024-02-17 13:00,58,18
2024-02-17 13:10,41,31
2024-02-17 13:20,39,33
2024-02-17 13:30,36,34
2024-02-17 13:40,34,35
2024-02-17 13:50,31,36
2024-02-17 14:00,29,38
2024-02-17 14:10,26,39
2024-02-17 14:20,24,40
2024-02-17 14:30,29,40
2024-02-17 14:40,34,40
2024-02-17 14:50,40,39
2024-02-17 15:00,45,39
2024-02-17 15:10,50,39
2024-02-17 15:20,13,48
2024-02-17 15:30,23,48
2024-02-17 15:40,32,47
2024-02-17 15:50,42,47
2024-02-17 16:00,27,49
2024-02-17 16:10,27,46
2024-02-17 16:20,28,43
2024-02-17 16:30,28,40
2024-02-17 16:40,29,37
2024-02-17 16:50,29,33
2024-02-17 17:00,30,30
2024-02-17 17:10,30,27
2024-02-17 17:20,46,24
2024-02-17 17:30,62,21
2024-02-17 17:40,79,18
2024-02-17 17:50,95,15
2024-02-17 18:00,89,14
2024-02-17 18:10,82,12
2024-02-17 18:20,76,10
2024-02-17 18:30,74,10
2024-02-17 18:40,72,10
2024-02-17 18:50,71,11
2024-02-17 19:00,69,11
2024-02-17 19:10,67,11
2024-02-17 19:20,66,11
2024-02-17 19:30,64,12
2024-02-17 19:40,62,12
2024-02-17 19:50,37,42
2024-02-17 20:00,12,71
2024-02-17 20:10,10,68
2024-02-17 20:20,9,66
2024-02-17 20:30,10,64
2024-02-17 20:40,10,62
2024-02-17 20:50,11,60
2024-02-17 21:00,16,54
2024-02-17 21:10,15,48
2024-02-17 21:20,10,41
2024-02-17 21:30,10,61
2024-02-17 21:40,10,58
2024-02-17 21:50,11,56
2024-02-17 22:00,11,53
2024-02-17 22:10,9,59
2024-02-17 22:20,9,60
2024-02-17 22:30,9,62
2024-02-17 22:40,9,63
2024-02-17 22:50,9,62
2024-02-17 23:00,9,60
2024-02-17 23:10,10,58
2024-02-17 23:20,10,56
2024-02-17 23:30,10,54
2024-02-17 23:40,10,57
2024-02-17 23:50,10,59
2024-02-18 00:00,8,52
2024-02-18 00:10,13,66
2024-02-18 00:20,14,63
2024-02-18 00:30,14,60
2024-02-18 00:40,11,60
2024-02-18 00:50,11,58
2024-02-18 01:00,12,56
2024-02-18 01:10,12,55
2024-02-18 01:20,13,53
2024-02-18 01:30,13,51
2024-02-18 01:40,12,52
2024-02-18 01:50,12,55
2024-02-18 02:00,11,59
2024-02-18 02:10,11,62
2024-02-18 02:20,14,71
2024-02-18 02:30,14,70
2024-02-18 02:40,15,69
2024-02-18 02:50,15,69
2024-02-18 03:00,15,68
2024-02-18 03:10,15,67
2024-02-18 03:20,16,66
2024-02-18 03:30,16,66
2024-02-18 03:40,15,64
2024-02-18 03:50,14,62
2024-02-18 04:00,13,60
2024-02-18 04:10,12,58
2024-02-18 04:20,10,56
2024-02-18 04:30,9,55
2024-02-18 04:40,8,53
2024-02-18 04:50,7,51
2024-02-18 05:00,6,49
2024-02-18 05:10,7,51
2024-02-18 05:20,8,53
2024-02-18 05:30,8,54
2024-02-18 05:40,9,56
2024-02-18 05:50,10,58
2024-02-18 06:00,11,59
2024-02-18 06:10,10,61
2024-02-18 06:20,10,62
2024-02-18 06:30,9,64
2024-02-18 06:40,9,65
2024-02-18 06:50,8,66
2024-02-18 07:00,14,58
2024-02-18 07:10,20,49
2024-02-18 07:20,26,40
2024-02-18 07:30,32,32
2024-02-18 07:40,35,31
2024-02-18 07:50,38,31
2024-02-18 08:00,40,31
2024-02-18 08:10,43,31
2024-02-18 08:20,46,31
2024-02-18 08:30,49,31
2024-02-18 08:40,25,28
2024-02-18 08:50,31,32
2024-02-18 09:00,38,36
2024-02-18 09:10,44,40
2024-02-18 09:20,44,39
2024-02-18 09:30,44,38
2024-02-18 09:40,44,36
2024-02-18 09:50,43,35
2024-02-18 10:00,43,34
2024-02-18 10:10,43,32
2024-02-18 10:20,43,31
2024-02-18 10:30,49,30
2024-02-18 10:40,54,30
2024-02-18 10:50,60,29
2024-02-18 11:00,66,28
2024-02-18 11:10,65,28
2024-02-18 11:20,64,27
2024-02-18 11:30,64,26
2024-02-18 11:40,63,26
2024-02-18 11:50,62,25
2024-02-18 12:00,61,24
2024-02-18 12:10,52,35
2024-02-18 12:20,44,46
2024-02-18 12:30,42,44
2024-02-18 12:40,39,43
2024-02-18 12:50,36,41
2024-02-18 13:00,34,39
2024-02-18 13:10,38,34
2024-02-18 13:20,42,28
2024-02-18 13:30,46,22
2024-02-18 13:40,58,16
2024-02-18 13:50,54,20
2024-02-18 14:00,50,23
2024-02-18 14:10,46,27
2024-02-18 14:20,42,30
2024-02-18 14:30,38,34
2024-02-18 14:40,38,33
2024-02-18 14:50,37,32
2024-02-18 15:00,40,45
2024-02-18 15:10,38,35
2024-02-18 15:20,37,35
2024-02-18 15:30,36,34
2024-02-18 15:40,35,34
2024-02-18 15:50,33,34
2024-02-18 16:00,32,34
2024-02-18 16:10,31,33
2024-02-18 16:20,30,33
2024-02-18 16:30,51,36
2024-02-18 16:40,64,32
2024-02-18 16:50,78,29
2024-02-18 17:00,91,26
2024-02-18 17:10,105,22
2024-02-18 17:20,118,19
2024-02-18 17:30,104,17
2024-02-18 17:40,90,14
2024-02-18 17:50,76,12
2024-02-18 18:00,127,20
2024-02-18 18:10,110,21
2024-02-18 18:20,92,21
2024-02-18 18:30,75,22
2024-02-18 18:40,57,22
2024-02-18 18:50,40,23
2024-02-18 19:00,44,22
2024-02-18 19:10,48,20
2024-02-18 19:20,53,19
2024-02-18 19:30,57,18
2024-02-18 19:40,61,16
2024-02-18 19:50,51,26
2024-02-18 20:00,41,35
2024-02-18 20:10,31,45
2024-02-18 20:20,21,54
2024-02-18 20:30,11,64
2024-02-18 20:40,12,65
2024-02-18 20:50,12,65
2024-02-18 21:00,13,64
2024-02-18 21:10,13,64
2024-02-18 21:20,14,63
2024-02-18 21:30,15,62
2024-02-18 21:40,16,61
2024-02-18 21:50,18,60
2024-02-18 22:00,14,62
2024-02-18 22:10,11,64
2024-02-18 22:20,8,65
2024-02-18 22:30,8,65
2024-02-18 22:40,8,65
2024-02-18 22:50,8,65
2024-02-18 23:00,8,65
2024-02-18 23:10,8,65
2024-02-18 23:20,8,65
2024-02-18 23:30,8,65
2024-02-18 23:40,8,65
2024-02-18 23:50,18,63
2024-02-19 00:00,27,61
2024-02-19 00:10,23,58
2024-02-19 00:20,20,55
2024-02-19 00:30,16,52
2024-02-19 00:40,18,54
2024-02-19 00:50,21,56
2024-02-19 01:00,23,57
2024-02-19 01:10,21,59
2024-02-19 01:20,19,61
2024-02-19 01:30,17,63
2024-02-19 01:40,15,65
2024-02-19 01:50,13,67
2024-02-19 02:00,14,67
2024-02-19 02:10,14,66
2024-02-19 02:20,15,66
2024-02-19 02:30,15,65
2024-02-19 02:40,16,65
2024-02-19 02:50,16,64
2024-02-19 03:00,17,64
2024-02-19 03:10,17,63
2024-02-19 03:20,18,63
2024-02-19 03:30,18,63
2024-02-19 03:40,19,62
2024-02-19 03:50,19,62
2024-02-19 04:00,20,61
2024-02-19 04:10,20,61
2024-02-19 04:20,21,60
2024-02-19 04:30,21,60
2024-02-19 04:40,22,59
2024-02-19 04:50,22,59
2024-02-19 05:00,23,58
2024-02-19 05:10,22,58
2024-02-19 05:20,22,57
2024-02-19 05:30,22,57
2024-02-19 05:40,21,57
2024-02-19 05:50,20,56
2024-02-19 06:00,20,56
2024-02-19 06:10,31,51
2024-02-19 06:20,41,47
2024-02-19 06:30,52,42
2024-02-19 06:40,63,37
2024-02-19 06:50,73,33
2024-02-19 07:00,84,28
2024-02-19 07:10,95,23
2024-02-19 07:20,105,19
2024-02-19 07:30,116,14
2024-02-19 07:40,108,12
2024-02-19 07:50,101,10
2024-02-19 08:00,101,10
2024-02-19 08:10,101,10
2024-02-19 08:20,101,10
2024-02-19 08:30,100,10
2024-02-19 08:40,100,10
2024-02-19 08:50,100,10
2024-02-19 09:00,100,10
2024-02-19 09:10,94,12
2024-02-19 09:20,89,14
2024-02-19 09:30,84,16
2024-02-19 09:40,78,18
2024-02-19 09:50,72,20
2024-02-19 10:00,67,23
2024-02-19 10:10,62,25
2024-02-19 10:20,56,27
2024-02-19 10:30,50,29
2024-02-19 10:40,45,31
2024-02-19 10:50,60,27
2024-02-19 11:00,75,23
2024-02-19 11:10,91,18
2024-02-19 11:20,106,14
2024-02-19 11:30,121,10
2024-02-19 11:40,111,13
2024-02-19 11:50,100,16
2024-02-19 12:00,90,19
2024-02-19 12:10,79,23
2024-02-19 12:20,69,26
2024-02-19 12:30,68,28
2024-02-19 12:40,68,30
2024-02-19 12:50,67,33
2024-02-19 13:00,71,30
2024-02-19 13:10,76,26
2024-02-19 13:20,80,23
2024-02-19 13:30,84,20
2024-02-19 13:40,72,26
2024-02-19 13:50,60,33
2024-02-19 14:00,47,39
2024-02-19 14:10,35,45
2024-02-19 14:20,32,46
2024-02-19 14:30,30,46
2024-02-19 14:40,27,46
2024-02-19 14:50,25,46
2024-02-19 15:00,22,47
2024-02-19 15:10,31,47
2024-02-19 15:20,39,46
2024-02-19 15:30,48,46
2024-02-19 15:40,31,46
2024-02-19 15:50,43,43
2024-02-19 16:00,55,40
2024-02-19 16:10,67,37
2024-02-19 16:20,79,34
2024-02-19 16:30,91,31
2024-02-19 16:40,103,29
2024-02-19 16:50,115,26
2024-02-19 17:00,127,23
2024-02-19 17:10,139,20
2024-02-19 17:20,151,17
2024-02-19 17:30,163,14
2024-02-19 17:40,120,12
2024-02-19 17:50,77,10
2024-02-19 18:00,134,10
2024-02-19 18:10,191,10
2024-02-19 18:20,178,10
2024-02-19 18:30,166,10
2024-02-19 18:40,153,10
2024-02-19 18:50,137,15
2024-02-19 19:00,122,21
2024-02-19 19:10,106,26
2024-02-19 19:20,91,31
2024-02-19 19:30,75,37
2024-02-19 19:40,60,42
2024-02-19 19:50,44,47
2024-02-19 20:00,29,52
2024-02-19 20:10,13,58
2024-02-19 20:20,14,57
2024-02-19 20:30,15,56
2024-02-19 20:40,16,56
2024-02-19 20:50,17,55
2024-02-19 21:00,18,54
2024-02-19 21:10,19,53
2024-02-19 21:20,20,53
2024-02-19 21:30,20,52
2024-02-19 21:40,21,51
2024-02-19 21:50,22,50
2024-02-19 22:00,23,50
2024-02-19 22:10,24,49
2024-02-19 22:20,25,48
2024-02-19 22:30,26,47
2024-02-19 22:40,27,47
2024-02-19 22:50,28,47
2024-02-19 23:00,28,48
2024-02-19 23:10,27,49
2024-02-19 23:20,26,51
2024-02-19 23:30,24,53
2024-02-19 23:40,23,54
2024-02-19 23:50,22,56
2024-02-20 00:00,20,57
2024-02-20 00:10,20,57
2024-02-20 00:20,20,56
2024-02-20 00:30,20,56
2024-02-20 00:40,20,55
2024-02-20 00:50,19,54
2024-02-20 01:00,19,54
2024-02-20 01:10,23,64
2024-02-20 01:20,21,65
2024-02-20 01:30,19,66
2024-02-20 01:40,16,67
2024-02-20 01:50,14,67
2024-02-20 02:00,12,68
2024-02-20 02:10,12,66
2024-02-20 02:20,12,63
2024-02-20 02:30,13,60
2024-02-20 02:40,13,58
2024-02-20 02:50,13,55
2024-02-20 03:00,13,53
2024-02-20 03:10,14,50
2024-02-20 03:20,15,51
2024-02-20 03:30,15,51
2024-02-20 03:40,16,52
2024-02-20 03:50,17,52
2024-02-20 04:00,18,53
2024-02-20 04:10,19,54
2024-02-20 04:20,20,54
2024-02-20 04:30,20,55
2024-02-20 04:40,21,55
2024-02-20 04:50,22,56
2024-02-20 05:00,23,56
2024-02-20 05:10,28,55
2024-02-20 05:20,34,53
2024-02-20 05:30,39,52
2024-02-20 05:40,44,50
2024-02-20 05:50,50,49
2024-02-20 06:00,55,47
2024-02-20 06:10,61,46
2024-02-20 06:20,66,44
2024-02-20 06:30,71,43
2024-02-20 06:40,77,41
2024-02-20 06:50,82,39
2024-02-20 07:00,87,38
2024-02-20 07:10,93,36
2024-02-20 07:20,98,35
2024-02-20 07:30,103,33
2024-02-20 07:40,109,32
2024-02-20 07:50,114,30
2024-02-20 08:00,119,29
2024-02-20 08:10,125,27
2024-02-20 08:20,130,25
2024-02-20 08:30,136,24
2024-02-20 08:40,141,22
2024-02-20 08:50,146,21
2024-02-20 09:00,152,19
2024-02-20 09:10,157,18
2024-02-20 09:20,151,15
2024-02-20 09:30,144,13
2024-02-20 09:40,138,10
2024-02-20 09:50,112,16
2024-02-20 10:00,87,22
2024-02-20 10:10,61,27
2024-02-20 10:20,57,26
2024-02-20 10:30,53,25
2024-02-20 10:40,56,24
2024-02-20 10:50,59,23
2024-02-20 11:00,62,22
2024-02-20 11:10,65,21
2024-02-20 11:20,68,20
2024-02-20 11:30,71,20
2024-02-20 11:40,75,21
2024-02-20 11:50,79,23
2024-02-20 12:00,82,24
2024-02-20 12:10,80,22
2024-02-20 12:20,78,20
2024-02-20 12:30,76,17
2024-02-20 12:40,74,15
2024-02-20 12:50,71,13
2024-02-20 13:00,69,10
2024-02-20 13:10,75,10
2024-02-20 13:20,81,10
2024-02-20 13:30,78,15
2024-02-20 13:40,74,20
2024-02-20 13:50,70,25
2024-02-20 14:00,67,29
2024-02-20 14:10,60,29
2024-02-20 14:20,52,28
2024-02-20 14:30,45,27
2024-02-20 14:40,54,31
2024-02-20 14:50,62,34
2024-02-20 15:00,71,37
2024-02-20 15:10,55,41
2024-02-20 15:20,40,44
2024-02-20 15:30,24,48
2024-02-20 15:40,8,51
2024-02-20 15:50,17,48
2024-02-20 16:00,26,45
2024-02-20 16:10,34,42
2024-02-20 16:20,43,39
2024-02-20 16:30,54,34
2024-02-20 16:40,66,30
2024-02-20 16:50,77,25
2024-02-20 17:00,88,20
2024-02-20 17:10,100,15
2024-02-20 17:20,111,10
2024-02-20 17:30,107,12
2024-02-20 17:40,119,11
2024-02-20 17:50,130,11
2024-02-20 18:00,142,10
2024-02-20 18:10,134,13
2024-02-20 18:20,127,17
2024-02-20 18:30,119,20
2024-02-20 18:40,111,24
2024-02-20 18:50,103,27
2024-02-20 19:00,96,31
2024-02-20 19:10,88,34
2024-02-20 19:20,80,37
2024-02-20 19:30,72,41
2024-02-20 19:40,65,44
2024-02-20 19:50,57,48
2024-02-20 20:00,49,51
2024-02-20 20:10,41,55
2024-02-20 20:20,34,58
2024-02-20 20:30,26,62
2024-02-20 20:40,26,59
2024-02-20 20:50,25,57
2024-02-20 21:00,24,55
2024-02-20 21:10,24,53
2024-02-20 21:20,24,51
2024-02-20 21:30,23,49
2024-02-20 21:40,22,51
2024-02-20 21:50,22,52
2024-02-20 22:00,21,54
2024-02-20 22:10,20,56
2024-02-20 22:20,20,57
2024-02-20 22:30,19,59
2024-02-20 22:40,19,61
2024-02-20 22:50,18,62
2024-02-20 23:00,17,64
2024-02-20 23:10,17,66
2024-02-20 23:20,16,67
2024-02-20 23:30,16,69
2024-02-20 23:40,15,71
2024-02-20 23:50,14,72
2024-02-21 00:00,14,74
2024-02-21 00:10,13,76
2024-02-21 00:20,18,61
2024-02-21 00:30,11,64
2024-02-21 00:40,11,61
2024-02-21 00:50,10,59
2024-02-21 01:00,10,56
2024-02-21 01:10,10,54
2024-02-21 01:20,10,55
2024-02-21 01:30,10,57
2024-02-21 01:40,10,59
2024-02-21 01:50,10,61
2024-02-21 02:00,10,62
2024-02-21 02:10,10,64
2024-02-21 02:20,9,66
2024-02-21 02:30,9,67
2024-02-21 02:40,9,69
2024-02-21 02:50,9,71
2024-02-21 03:00,9,72
2024-02-21 03:10,9,74
2024-02-21 03:20,9,76
2024-02-21 03:30,10,71
2024-02-21 03:40,11,66
2024-02-21 03:50,11,61
2024-02-21 04:00,12,56
2024-02-21 04:10,13,50
2024-02-21 04:20,14,52
2024-02-21 04:30,15,54
2024-02-21 04:40,16,56
2024-02-21 04:50,7,69
2024-02-21 05:00,19,66
2024-02-21 05:10,14,55
2024-02-21 05:20,10,44
2024-02-21 05:30,12,48
2024-02-21 05:40,14,52
2024-02-21 05:50,17,56
2024-02-21 06:00,19,60
2024-02-21 06:10,29,55
2024-02-21 06:20,40,50
2024-02-21 06:30,50,45
2024-02-21 06:40,61,40
2024-02-21 06:50,71,35
2024-02-21 07:00,82,30
2024-02-21 07:10,92,24
2024-02-21 07:20,103,19
2024-02-21 07:30,113,14
2024-02-21 07:40,118,14
2024-02-21 07:50,124,13
2024-02-21 08:00,133,13
2024-02-21 08:10,141,13
2024-02-21 08:20,150,13
2024-02-21 08:30,158,14
2024-02-21 08:40,167,14
2024-02-21 08:50,176,14
2024-02-21 09:00,184,14
2024-02-21 09:10,193,14
2024-02-21 09:20,201,14
2024-02-21 09:30,210,14
2024-02-21 09:40,218,14
2024-02-21 09:50,227,14
2024-02-21 10:00,193,20
2024-02-21 10:10,158,26
2024-02-21 10:20,124,31
2024-02-21 10:30,89,37
2024-02-21 10:40,55,43
2024-02-21 10:50,50,44
2024-02-21 11:00,45,45
2024-02-21 11:10,41,46
2024-02-21 11:20,36,47
2024-02-21 11:30,31,48
2024-02-21 11:40,63,33
2024-02-21 11:50,96,17
2024-02-21 12:00,83,26
2024-02-21 12:10,70,34
2024-02-21 12:20,72,33
2024-02-21 12:30,74,32
2024-02-21 12:40,76,31
2024-02-21 12:50,77,30
2024-02-21 13:00,79,28
2024-02-21 13:10,81,27
2024-02-21 13:20,78,27
2024-02-21 13:30,76,28
2024-02-21 13:40,73,28
2024-02-21 13:50,69,30
2024-02-21 14:00,65,32
2024-02-21 14:10,61,34
2024-02-21 14:20,57,36
2024-02-21 14:30,55,33
2024-02-21 14:40,54,30
2024-02-21 14:50,54,39
2024-02-21 15:00,60,34
2024-02-21 15:10,20,44
2024-02-21 15:20,27,39
2024-02-21 15:30,35,34
2024-02-21 15:40,43,29
2024-02-21 15:50,51,24
2024-02-21 16:00,49,35
2024-02-21 16:10,48,47
2024-02-21 16:20,46,59
2024-02-21 16:30,41,46
2024-02-21 16:40,36,33
2024-02-21 16:50,43,30
2024-02-21 17:00,51,27
2024-02-21 17:10,59,23
2024-02-21 17:20,67,20
2024-02-21 17:30,75,17
2024-02-21 17:40,83,13
2024-02-21 17:50,91,10
2024-02-21 18:00,96,11
2024-02-21 18:10,102,13
2024-02-21 18:20,107,14
2024-02-21 18:30,113,16
2024-02-21 18:40,118,17
2024-02-21 18:50,123,18
2024-02-21 19:00,129,20
2024-02-21 19:10,134,21
2024-02-21 19:20,140,22
2024-02-21 19:30,145,24
2024-02-21 19:40,124,29
2024-02-21 19:50,103,34
2024-02-21 20:00,82,39
2024-02-21 20:10,60,44
2024-02-21 20:20,39,48
2024-02-21 20:30,18,53
2024-02-21 20:40,18,55
2024-02-21 20:50,17,56
2024-02-21 21:00,17,58
2024-02-21 21:10,17,59
2024-02-21 21:20,16,60
2024-02-21 21:30,16,62
2024-02-21 21:40,11,44
2024-02-21 21:50,11,45
2024-02-21 22:00,11,46
2024-02-21 22:10,12,47
2024-02-21 22:20,12,48
2024-02-21 22:30,12,49
2024-02-21 22:40,12,49
2024-02-21 22:50,13,50
2024-02-21 23:00,13,51
2024-02-21 23:10,13,52
2024-02-21 23:20,13,53
2024-02-21 23:30,13,54
2024-02-21 23:40,14,55
2024-02-21 23:50,14,56
2024-02-22 00:00,14,56
2024-02-22 00:10,14,57
2024-02-22 00:20,15,58
2024-02-22 00:30,15,59
2024-02-22 00:40,15,60
2024-02-22 00:50,18,57
2024-02-22 01:00,17,58
2024-02-22 01:10,17,59
2024-02-22 01:20,16,60
2024-02-22 01:30,15,61
2024-02-22 01:40,14,62
2024-02-22 01:50,14,63
2024-02-22 02:00,13,64
2024-02-22 02:10,12,66
2024-02-22 02:20,12,67
2024-02-22 02:30,11,68
2024-02-22 02:40,10,69
2024-02-22 02:50,9,70
2024-02-22 03:00,9,71
2024-02-22 03:10,8,72
2024-02-22 03:20,30,65
2024-02-22 03:30,29,64
2024-02-22 03:40,28,63
2024-02-22 03:50,27,62
2024-02-22 04:00,26,61
2024-02-22 04:10,25,61
2024-02-22 04:20,24,60
2024-02-22 04:30,23,59
2024-02-22 04:40,22,58
2024-02-22 04:50,21,57
2024-02-22 05:00,20,56
2024-02-22 05:10,19,55
2024-02-22 05:20,20,55
2024-02-22 05:30,22,54
2024-02-22 05:40,21,55
2024-02-22 05:50,20,55
2024-02-22 06:00,19,55
2024-02-22 06:10,18,56
2024-02-22 06:20,17,56
2024-02-22 06:30,16,56
2024-02-22 06:40,15,57
2024-02-22 06:50,14,57
2024-02-22 07:00,51,34
2024-02-22 07:10,88,10
2024-02-22 07:20,90,14
2024-02-22 07:30,93,17
2024-02-22 07:40,96,21
2024-02-22 07:50,98,24
2024-02-22 08:00,100,28
2024-02-22 08:10,104,25
2024-02-22 08:20,107,23
2024-02-22 08:30,111,20
2024-02-22 08:40,114,18
2024-02-22 08:50,117,15
2024-02-22 09:00,121,13
2024-02-22 09:10,124,10
2024-02-22 09:20,131,12
2024-02-22 09:30,138,13
2024-02-22 09:40,145,15
2024-02-22 09:50,140,15
2024-02-22 10:00,136,16
2024-02-22 10:10,131,16
2024-02-22 10:20,127,17
2024-02-22 10:30,122,17
2024-02-22 10:40,118,17
2024-02-22 10:50,113,18
2024-02-22 11:00,108,18
2024-02-22 11:10,104,19
2024-02-22 11:20,99,19
2024-02-22 11:30,95,20
2024-02-22 11:40,90,20
2024-02-22 11:50,86,20
2024-02-22 12:00,81,21
2024-02-22 12:10,76,21
2024-02-22 12:20,72,22
2024-02-22 12:30,67,22
2024-02-22 12:40,63,23
2024-02-22 12:50,58,23
2024-02-22 13:00,54,23
2024-02-22 13:10,49,24
2024-02-22 13:20,48,26
2024-02-22 13:30,48,27
2024-02-22 13:40,47,29
2024-02-22 13:50,47,31
2024-02-22 14:00,46,33
2024-02-22 14:10,46,35
2024-02-22 14:20,45,36
2024-02-22 14:30,45,38
2024-02-22 14:40,44,40
2024-02-22 14:50,44,42
2024-02-22 15:00,43,43
2024-02-22 15:10,43,45
2024-02-22 15:20,42,47
2024-02-22 15:30,42,49
2024-02-22 15:40,41,50
2024-02-22 15:50,48,41
2024-02-22 16:00,55,31
2024-02-22 16:10,62,21
2024-02-22 16:20,52,30
2024-02-22 16:30,42,39
2024-02-22 16:40,53,37
2024-02-22 16:50,64,34
2024-02-22 17:00,75,32
2024-02-22 17:10,86,29
2024-02-22 17:20,98,27
2024-02-22 17:30,109,24
2024-02-22 17:40,120,22
2024-02-22 17:50,131,19
2024-02-22 18:00,142,17
2024-02-22 18:10,145,17
2024-02-22 18:20,148,18
2024-02-22 18:30,151,18
2024-02-22 18:40,154,19
2024-02-22 18:50,156,19
2024-02-22 19:00,159,20
2024-02-22 19:10,162,21
2024-02-22 19:20,165,21
2024-02-22 19:30,168,22
2024-02-22 19:40,144,30
2024-02-22 19:50,120,38
2024-02-22 20:00,96,46
2024-02-22 20:10,71,54
2024-02-22 20:20,47,62
2024-02-22 20:30,23,70
2024-02-22 20:40,19,70
2024-02-22 20:50,15,70
2024-02-22 21:00,10,70
2024-02-22 21:10,12,69
2024-02-22 21:20,14,68
2024-02-22 21:30,15,67
2024-02-22 21:40,17,66
2024-02-22 21:50,19,65
2024-02-22 22:00,20,64
2024-02-22 22:10,22,63
2024-02-22 22:20,24,62
2024-02-22 22:30,25,60
2024-02-22 22:40,27,59
2024-02-22 22:50,25,55
2024-02-22 23:00,23,51
2024-02-22 23:10,22,47
2024-02-22 23:20,20,43
2024-02-22 23:30,18,39
2024-02-22 23:40,16,35
2024-02-22 23:50,17,39
2024-02-23 00:00,18,43
2024-02-23 00:10,20,48
2024-02-23 00:20,21,52
2024-02-23 00:30,22,56
2024-02-23 00:40,23,60
2024-02-23 00:50,21,58
2024-02-23 01:00,20,57
2024-02-23 01:10,18,55
2024-02-23 01:20,16,54
2024-02-23 01:30,14,52
2024-02-23 01:40,12,50
2024-02-23 01:50,11,49
2024-02-23 02:00,9,47
2024-02-23 02:10,17,61
2024-02-23 02:20,17,60
2024-02-23 02:30,16,59
2024-02-23 02:40,16,58
2024-02-23 02:50,16,57
2024-02-23 03:00,15,58
2024-02-23 03:10,14,59
2024-02-23 03:20,13,59
2024-02-23 03:30,12,60
2024-02-23 03:40,12,58
2024-02-23 03:50,13,59
2024-02-23 04:00,13,60
2024-02-23 04:10,14,62
2024-02-23 04:20,14,63
2024-02-23 04:30,15,65
2024-02-23 04:40,16,66
2024-02-23 04:50,16,67
2024-02-23 05:00,17,69
2024-02-23 05:10,20,56
2024-02-23 05:20,21,52
2024-02-23 05:30,21,48
2024-02-23 05:40,22,45
2024-02-23 05:50,22,41
2024-02-23 06:00,23,38
2024-02-23 06:10,20,61
2024-02-23 06:20,20,50
2024-02-23 06:30,58,45
2024-02-23 06:40,97,40
2024-02-23 06:50,136,35
2024-02-23 07:00,174,30
2024-02-23 07:10,162,24
2024-02-23 07:20,150,17
2024-02-23 07:30,138,10
2024-02-23 07:40,137,13
2024-02-23 07:50,135,16
2024-02-23 08:00,134,18
2024-02-23 08:10,139,17
2024-02-23 08:20,144,16
2024-02-23 08:30,149,15
2024-02-23 08:40,154,14
2024-02-23 08:50,159,13
2024-02-23 09:00,151,13
2024-02-23 09:10,143,12
2024-02-23 09:20,149,12
2024-02-23 09:30,156,12
2024-02-23 09:40,162,12
2024-02-23 09:50,168,12
2024-02-23 10:00,142,21
2024-02-23 10:10,115,30
2024-02-23 10:20,89,38
2024-02-23 10:30,62,47
2024-02-23 10:40,36,56
2024-02-23 10:50,43,46
2024-02-23 11:00,50,36
2024-02-23 11:10,58,26
2024-02-23 11:20,79,24
2024-02-23 11:30,76,24
2024-02-23 11:40,73,24
2024-02-23 11:50,101,16
2024-02-23 12:00,95,20
2024-02-23 12:10,88,23
2024-02-23 12:20,82,26
2024-02-23 12:30,76,29
2024-02-23 12:40,81,19
2024-02-23 12:50,86,10
2024-02-23 13:00,76,16
2024-02-23 13:10,65,22
2024-02-23 13:20,55,27
2024-02-23 13:30,56,29
2024-02-23 13:40,58,30
2024-02-23 13:50,60,32
2024-02-23 14:00,61,33
2024-02-23 14:10,49,35
2024-02-23 14:20,37,38
2024-02-23 14:30,25,40
2024-02-23 14:40,13,43
2024-02-23 14:50,22,38
2024-02-23 15:00,25,39
2024-02-23 15:10,28,39
2024-02-23 15:20,30,40
2024-02-23 15:30,33,41
2024-02-23 15:40,36,41
2024-02-23 15:50,39,42
2024-02-23 16:00,42,43
2024-02-23 16:10,45,43
2024-02-23 16:20,47,44
2024-02-23 16:30,50,45
2024-02-23 16:40,53,45
2024-02-23 16:50,66,42
2024-02-23 17:00,78,38
2024-02-23 17:10,90,34
2024-02-23 17:20,103,31
2024-02-23 17:30,116,27
2024-02-23 17:40,128,24
2024-02-23 17:50,140,20
2024-02-23 18:00,153,16
2024-02-23 18:10,166,13
2024-02-23 18:20,153,17
2024-02-23 18:30,141,22
2024-02-23 18:40,129,26
2024-02-23 18:50,116,30
2024-02-23 19:00,104,35
2024-02-23 19:10,92,39
2024-02-23 19:20,79,44
2024-02-23 19:30,67,48
2024-02-23 19:40,55,53
2024-02-23 19:50,43,57
2024-02-23 20:00,30,61
2024-02-23 20:10,18,66
2024-02-23 20:20,17,66
2024-02-23 20:30,16,66
2024-02-23 20:40,16,66
2024-02-23 20:50,15,67
2024-02-23 21:00,24,53
2024-02-23 21:10,19,50
2024-02-23 21:20,18,62
2024-02-23 21:30,18,75
2024-02-23 21:40,20,70
2024-02-23 21:50,22,66
2024-02-23 22:00,24,62
2024-02-23 22:10,26,58
2024-02-23 22:20,24,59
2024-02-23 22:30,22,60
2024-02-23 22:40,20,61
2024-02-23 22:50,18,62
2024-02-23 23:00,17,61
2024-02-23 23:10,17,60
2024-02-23 23:20,16,59
2024-02-23 23:30,16,59
2024-02-23 23:40,15,62
2024-02-23 23:50,14,65
2024-02-24 00:00,13,68
2024-02-24 00:10,12,71
2024-02-24 00:20,11,74
2024-02-24 00:30,12,58
2024-02-24 00:40,12,41
2024-02-24 00:50,6,71
2024-02-24 01:00,10,65
2024-02-24 01:10,15,58
2024-02-24 01:20,12,70
2024-02-24 01:30,12,69
2024-02-24 01:40,11,68
2024-02-24 01:50,11,67
2024-02-24 02:00,11,65
2024-02-24 02:10,10,64
2024-02-24 02:20,10,63
2024-02-24 02:30,10,65
2024-02-24 02:40,10,68
2024-02-24 02:50,10,70
2024-02-24 03:00,10,71
2024-02-24 03:10,10,71
2024-02-24 03:20,9,71
2024-02-24 03:30,9,71
2024-02-24 03:40,9,72
2024-02-24 03:50,8,72
2024-02-24 04:00,8,72
2024-02-24 04:10,8,73
2024-02-24 04:20,8,72
2024-02-24 04:30,9,72
2024-02-24 04:40,9,71
2024-02-24 04:50,10,71
2024-02-24 05:00,10,71
2024-02-24 05:10,10,70
2024-02-24 05:20,11,70
2024-02-24 05:30,11,69
2024-02-24 05:40,11,69
2024-02-24 05:50,12,69
2024-02-24 06:00,12,68
2024-02-24 06:10,13,68
2024-02-24 06:20,13,67
2024-02-24 06:30,9,56
2024-02-24 06:40,13,53
2024-02-24 06:50,16,51
2024-02-24 07:00,20,49
2024-02-24 07:10,24,46
2024-02-24 07:20,28,44
2024-02-24 07:30,32,42
2024-02-24 07:40,35,39
2024-02-24 07:50,39,37
2024-02-24 08:00,38,36
2024-02-24 08:10,36,36
2024-02-24 08:20,35,35
2024-02-24 08:30,34,34
2024-02-24 08:40,32,33
2024-02-24 08:50,31,33
2024-02-24 09:00,29,32
2024-02-24 09:10,28,31
2024-02-24 09:20,29,32
2024-02-24 09:30,29,33
2024-02-24 09:40,30,34
2024-02-24 09:50,30,35
2024-02-24 10:00,30,37
2024-02-24 10:10,36,37
2024-02-24 10:20,42,37
2024-02-24 10:30,47,37
2024-02-24 10:40,52,37
2024-02-24 10:50,58,37
2024-02-24 11:00,60,39
2024-02-24 11:10,63,41
2024-02-24 11:20,35,33
2024-02-24 11:30,34,35
2024-02-24 11:40,34,37
2024-02-24 11:50,34,39
2024-02-24 12:00,33,40
2024-02-24 12:10,50,32
2024-02-24 12:20,66,24
2024-02-24 12:30,83,16
2024-02-24 12:40,70,21
2024-02-24 12:50,58,26
2024-02-24 13:00,50,25
2024-02-24 13:10,43,24
2024-02-24 13:20,35,23
2024-02-24 13:30,38,25
2024-02-24 13:40,42,28
2024-02-24 13:50,45,30
2024-02-24 14:00,49,32
2024-02-24 14:10,52,34
2024-02-24 14:20,49,35
2024-02-24 14:30,46,36
2024-02-24 14:40,44,37
2024-02-24 14:50,41,38
2024-02-24 15:00,38,39
2024-02-24 15:10,36,40
2024-02-24 15:20,33,41
2024-02-24 15:30,30,41
2024-02-24 15:40,32,42
2024-02-24 15:50,33,44
2024-02-24 16:00,34,45
2024-02-24 16:10,36,46
2024-02-24 16:20,32,46
2024-02-24 16:30,34,43
2024-02-24 16:40,36,39
2024-02-24 16:50,30,54
2024-02-24 17:00,34,50
2024-02-24 17:10,38,47
2024-02-24 17:20,43,43
2024-02-24 17:30,47,40
2024-02-24 17:40,51,37
2024-02-24 17:50,55,33
2024-02-24 18:00,60,30
2024-02-24 18:10,64,27
2024-02-24 18:20,68,23
2024-02-24 18:30,71,18
2024-02-24 18:40,80,15
2024-02-24 18:50,88,13
2024-02-24 19:00,97,10
2024-02-24 19:10,88,11
2024-02-24 19:20,79,12
2024-02-24 19:30,62,13
2024-02-24 19:40,45,13
2024-02-24 19:50,35,27
2024-02-24 20:00,26,42
2024-02-24 20:10,16,56
2024-02-24 20:20,6,70
2024-02-24 20:30,10,62
2024-02-24 20:40,13,55
2024-02-24 20:50,11,59
2024-02-24 21:00,10,63
2024-02-24 21:10,8,67
2024-02-24 21:20,13,54
2024-02-24 21:30,12,54
2024-02-24 21:40,10,55
2024-02-24 21:50,9,56
2024-02-24 22:00,8,57
2024-02-24 22:10,8,58
2024-02-24 22:20,9,59
2024-02-24 22:30,9,61
2024-02-24 22:40,9,62
2024-02-24 22:50,10,64
2024-02-24 23:00,10,65
2024-02-24 23:10,10,66
2024-02-24 23:20,11,68
2024-02-24 23:30,11,69
2024-02-24 23:40,11,69
2024-02-24 23:50,12,69
2024-02-25 00:00,12,69
2024-02-25 00:10,13,70
2024-02-25 00:20,13,70
2024-02-25 00:30,17,56
2024-02-25 00:40,14,58
2024-02-25 00:50,11,61
2024-02-25 01:00,8,63
2024-02-25 01:10,12,63
2024-02-25 01:20,10,54
2024-02-25 01:30,12,52
2024-02-25 01:40,15,50
2024-02-25 01:50,17,48
2024-02-25 02:00,14,53
2024-02-25 02:10,10,59
2024-02-25 02:20,7,64
2024-02-25 02:30,14,66
2024-02-25 02:40,14,70
2024-02-25 02:50,14,74
2024-02-25 03:00,8,63
2024-02-25 03:10,12,61
2024-02-25 03:20,15,59
2024-02-25 03:30,15,59
2024-02-25 03:40,15,59
2024-02-25 03:50,14,59
2024-02-25 04:00,14,59
2024-02-25 04:10,14,59
2024-02-25 04:20,14,59
2024-02-25 04:30,14,59
2024-02-25 04:40,14,59
2024-02-25 04:50,13,59
2024-02-25 05:00,13,59
2024-02-25 05:10,13,59
2024-02-25 05:20,10,47
2024-02-25 05:30,12,56
2024-02-25 05:40,15,66
2024-02-25 05:50,17,62
2024-02-25 06:00,19,57
2024-02-25 06:10,22,53
2024-02-25 06:20,24,49
2024-02-25 06:30,26,44
2024-02-25 06:40,28,40
2024-02-25 06:50,30,35
2024-02-25 07:00,32,31
2024-02-25 07:10,35,27
2024-02-25 07:20,37,22
2024-02-25 07:30,39,18
2024-02-25 07:40,41,18
2024-02-25 07:50,43,18
2024-02-25 08:00,46,19
2024-02-25 08:10,48,19
2024-02-25 08:20,50,19
2024-02-25 08:30,44,26
2024-02-25 08:40,37,33
2024-02-25 08:50,31,39
2024-02-25 09:00,37,32
2024-02-25 09:10,42,25
2024-02-25 09:20,45,28
2024-02-25 09:30,48,31
2024-02-25 09:40,43,20
2024-02-25 09:50,30,42
2024-02-25 10:00,17,63
2024-02-25 10:10,21,60
2024-02-25 10:20,24,56
2024-02-25 10:30,28,53
2024-02-25 10:40,32,49
2024-02-25 10:50,35,45
2024-02-25 11:00,39,42
2024-02-25 11:10,43,38
2024-02-25 11:20,46,34
2024-02-25 11:30,50,31
2024-02-25 11:40,49,32
2024-02-25 11:50,48,33
2024-02-25 12:00,47,34
2024-02-25 12:10,47,35
2024-02-25 12:20,46,36
2024-02-25 12:30,45,37
2024-02-25 12:40,44,38
2024-02-25 12:50,43,39
2024-02-25 13:00,42,40
2024-02-25 13:10,41,41
2024-02-25 13:20,40,42
2024-02-25 13:30,40,43
2024-02-25 13:40,39,44
2024-02-25 13:50,38,45
2024-02-25 14:00,37,46
2024-02-25 14:10,37,45
2024-02-25 14:20,37,44
2024-02-25 14:30,37,43
2024-02-25 14:40,36,41
2024-02-25 14:50,36,40
2024-02-25 15:00,36,39
2024-02-25 15:10,36,38
2024-02-25 15:20,35,14
2024-02-25 15:30,47,43
2024-02-25 15:40,43,37
2024-02-25 15:50,40,32
2024-02-25 16:00,36,27
2024-02-25 16:10,37,27
2024-02-25 16:20,38,28
2024-02-25 16:30,39,29
2024-02-25 16:40,40,29
2024-02-25 16:50,41,30
2024-02-25 17:00,44,28
2024-02-25 17:10,47,25
2024-02-25 17:20,50,23
2024-02-25 17:30,52,21
2024-02-25 17:40,55,18
2024-02-25 17:50,58,16
2024-02-25 18:00,61,14
2024-02-25 18:10,79,16
2024-02-25 18:20,96,19
2024-02-25 18:30,114,22
2024-02-25 18:40,84,19
2024-02-25 18:50,55,17
2024-02-25 19:00,25,14
2024-02-25 19:10,35,17
2024-02-25 19:20,44,20
2024-02-25 19:30,54,23
2024-02-25 19:40,64,26
2024-02-25 19:50,54,35
2024-02-25 20:00,45,44
2024-02-25 20:10,36,52
2024-02-25 20:20,26,61
2024-02-25 20:30,16,70
2024-02-25 20:40,15,66
2024-02-25 20:50,13,62
2024-02-25 21:00,11,58
2024-02-25 21:10,12,57
2024-02-25 21:20,12,56
2024-02-25 21:30,12,55
2024-02-25 21:40,13,54
2024-02-25 21:50,14,53
2024-02-25 22:00,14,51
2024-02-25 22:10,13,59
2024-02-25 22:20,13,59
2024-02-25 22:30,14,59
2024-02-25 22:40,14,58
2024-02-25 22:50,14,58
2024-02-25 23:00,15,58
2024-02-25 23:10,15,57
2024-02-25 23:20,16,57
2024-02-25 23:30,16,57
2024-02-25 23:40,16,57
2024-02-25 23:50,17,56
2024-02-26 00:00,17,56
2024-02-26 00:10,17,56
2024-02-26 00:20,18,55
2024-02-26 00:30,18,55
2024-02-26 00:40,18,58
2024-02-26 00:50,18,61
2024-02-26 01:00,17,64
2024-02-26 01:10,17,66
2024-02-26 01:20,15,66
2024-02-26 01:30,13,66
2024-02-26 01:40,12,61
2024-02-26 01:50,13,62
2024-02-26 02:00,13,63
2024-02-26 02:10,13,63
2024-02-26 02:20,13,64
2024-02-26 02:30,14,65
2024-02-26 02:40,14,65
2024-02-26 02:50,14,66
2024-02-26 03:00,14,67
2024-02-26 03:10,14,67
2024-02-26 03:20,15,68
2024-02-26 03:30,15,69
2024-02-26 03:40,15,69
2024-02-26 03:50,15,70
2024-02-26 04:00,16,71
2024-02-26 04:10,16,71
2024-02-26 04:20,16,72
2024-02-26 04:30,18,67
2024-02-26 04:40,19,62
2024-02-26 04:50,21,57
2024-02-26 05:00,22,52
2024-02-26 05:10,24,47
2024-02-26 05:20,24,51
2024-02-26 05:30,23,55
2024-02-26 05:40,23,58
2024-02-26 05:50,22,62
2024-02-26 06:00,22,66
2024-02-26 06:10,23,65
2024-02-26 06:20,24,64
2024-02-26 06:30,25,63
2024-02-26 06:40,26,63
2024-02-26 06:50,27,62
2024-02-26 07:00,50,54
2024-02-26 07:10,72,47
2024-02-26 07:20,95,40
2024-02-26 07:30,118,32
2024-02-26 07:40,140,25
2024-02-26 07:50,163,18
2024-02-26 08:00,157,10
2024-02-26 08:10,151,10
2024-02-26 08:20,145,11
2024-02-26 08:30,139,11
2024-02-26 08:40,133,11
2024-02-26 08:50,127,11
2024-02-26 09:00,110,16
2024-02-26 09:10,93,20
2024-02-26 09:20,98,20
2024-02-26 09:30,103,20
2024-02-26 09:40,108,20
2024-02-26 09:50,113,20
2024-02-26 10:00,84,22
2024-02-26 10:10,55,24
2024-02-26 10:20,34,41
2024-02-26 10:30,41,39
2024-02-26 10:40,48,37
2024-02-26 10:50,56,35
2024-02-26 11:00,63,33
2024-02-26 11:10,70,32
2024-02-26 11:20,77,30
2024-02-26 11:30,76,31
2024-02-26 11:40,76,32
2024-02-26 11:50,75,33
2024-02-26 12:00,86,36
2024-02-26 12:10,97,39
2024-02-26 12:20,87,36
2024-02-26 12:30,76,33
2024-02-26 12:40,66,30
2024-02-26 12:50,56,27
2024-02-26 13:00,93,10
2024-02-26 13:10,91,16
2024-02-26 13:20,89,21
2024-02-26 13:30,88,27
2024-02-26 13:40,86,32
2024-02-26 13:50,84,38
2024-02-26 14:00,36,35
2024-02-26 14:10,40,45
2024-02-26 14:20,43,54
2024-02-26 14:30,45,51
2024-02-26 14:40,46,49
2024-02-26 14:50,48,46
2024-02-26 15:00,49,43
2024-02-26 15:10,51,41
2024-02-26 15:20,52,38
2024-02-26 15:30,54,36
2024-02-26 15:40,54,37
2024-02-26 15:50,54,39
2024-02-26 16:00,54,40
2024-02-26 16:10,54,42
2024-02-26 16:20,45,38
2024-02-26 16:30,36,35
2024-02-26 16:40,46,32
2024-02-26 16:50,57,29
2024-02-26 17:00,67,26
2024-02-26 17:10,78,24
2024-02-26 17:20,88,21
2024-02-26 17:30,99,18
2024-02-26 17:40,109,15
2024-02-26 17:50,119,14
2024-02-26 18:00,129,13
2024-02-26 18:10,139,12
2024-02-26 18:20,149,11
2024-02-26 18:30,159,10
2024-02-26 18:40,176,20
2024-02-26 18:50,181,15
2024-02-26 19:00,186,10
2024-02-26 19:10,159,10
2024-02-26 19:20,143,14
2024-02-26 19:30,128,18
2024-02-26 19:40,112,23
2024-02-26 19:50,97,27
2024-02-26 20:00,81,31
2024-02-26 20:10,66,35
2024-02-26 20:20,50,39
2024-02-26 20:30,35,44
2024-02-26 20:40,19,48
2024-02-26 20:50,28,41
2024-02-26 21:00,26,43
2024-02-26 21:10,24,45
2024-02-26 21:20,22,47
2024-02-26 21:30,20,49
2024-02-26 21:40,19,51
2024-02-26 21:50,17,53
2024-02-26 22:00,15,55
2024-02-26 22:10,13,58
2024-02-26 22:20,14,68
2024-02-26 22:30,13,66
2024-02-26 22:40,12,64
2024-02-26 22:50,11,62
2024-02-26 23:00,13,67
2024-02-26 23:10,15,73
2024-02-26 23:20,17,78
2024-02-26 23:30,16,57
2024-02-26 23:40,18,57
2024-02-26 23:50,21,56
2024-02-27 00:00,13,64
2024-02-27 00:10,5,52
2024-02-27 00:20,8,56
2024-02-27 00:30,10,59
2024-02-27 00:40,13,62
2024-02-27 00:50,15,65
2024-02-27 01:00,18,68
2024-02-27 01:10,18,65
2024-02-27 01:20,17,61
2024-02-27 01:30,17,58
2024-02-27 01:40,16,54
2024-02-27 01:50,16,51
2024-02-27 02:00,16,53
2024-02-27 02:10,15,55
2024-02-27 02:20,14,57
2024-02-27 02:30,14,59
2024-02-27 02:40,14,62
2024-02-27 02:50,13,64
2024-02-27 03:00,12,66
2024-02-27 03:10,12,68
2024-02-27 03:20,12,66
2024-02-27 03:30,12,65
2024-02-27 03:40,11,64
2024-02-27 03:50,11,62
2024-02-27 04:00,11,60
2024-02-27 04:10,10,59
2024-02-27 04:20,10,58
2024-02-27 04:30,10,56
2024-02-27 04:40,12,56
2024-02-27 04:50,14,55
2024-02-27 05:00,17,55
2024-02-27 05:10,19,54
2024-02-27 05:20,20,56
2024-02-27 05:30,20,58
2024-02-27 05:40,20,60
2024-02-27 05:50,20,62
2024-02-27 06:00,20,64
2024-02-27 06:10,20,66
2024-02-27 06:20,20,68
2024-02-27 06:30,43,63
2024-02-27 06:40,67,58
2024-02-27 06:50,90,52
2024-02-27 07:00,114,47
2024-02-27 07:10,137,42
2024-02-27 07:20,160,36
2024-02-27 07:30,184,31
2024-02-27 07:40,207,26
2024-02-27 07:50,200,23
2024-02-27 08:00,194,21
2024-02-27 08:10,187,18
2024-02-27 08:20,181,16
2024-02-27 08:30,174,13
2024-02-27 08:40,181,16
2024-02-27 08:50,187,19
2024-02-27 09:00,194,21
2024-02-27 09:10,186,21
2024-02-27 09:20,179,21
2024-02-27 09:30,171,22
2024-02-27 09:40,163,22
2024-02-27 09:50,155,22
2024-02-27 10:00,148,22
2024-02-27 10:10,140,22
2024-02-27 10:20,132,22
2024-02-27 10:30,125,22
2024-02-27 10:40,117,22
2024-02-27 10:50,109,22
2024-02-27 11:00,102,22
2024-02-27 11:10,94,22
2024-02-27 11:20,86,23
2024-02-27 11:30,78,23
2024-02-27 11:40,71,23
2024-02-27 11:50,63,23
2024-02-27 12:00,71,19
2024-02-27 12:10,79,16
2024-02-27 12:20,87,13
2024-02-27 12:30,105,20
2024-02-27 12:40,96,23
2024-02-27 12:50,88,26
2024-02-27 13:00,80,29
2024-02-27 13:10,71,32
2024-02-27 13:20,69,32
2024-02-27 13:30,67,32
2024-02-27 13:40,65,32
2024-02-27 13:50,63,32
2024-02-27 14:00,58,33
2024-02-27 14:10,54,35
2024-02-27 14:20,50,37
2024-02-27 14:30,45,39
2024-02-27 14:40,40,40
2024-02-27 14:50,36,42
2024-02-27 15:00,54,37
2024-02-27 15:10,71,31
2024-02-27 15:20,89,26
2024-02-27 15:30,62,35
2024-02-27 15:40,34,44
2024-02-27 15:50,34,43
2024-02-27 16:00,35,42
2024-02-27 16:10,43,38
2024-02-27 16:20,51,34
2024-02-27 16:30,59,29
2024-02-27 16:40,22,41
2024-02-27 16:50,53,31
2024-02-27 17:00,85,21
2024-02-27 17:10,116,11
2024-02-27 17:20,121,12
2024-02-27 17:30,127,12
2024-02-27 17:40,132,13
2024-02-27 17:50,132,14
2024-02-27 18:00,132,15
2024-02-27 18:10,132,16
2024-02-27 18:20,132,17
2024-02-27 18:30,132,18
2024-02-27 18:40,132,19
2024-02-27 18:50,132,21
2024-02-27 19:00,132,22
2024-02-27 19:10,132,23
2024-02-27 19:20,132,24
2024-02-27 19:30,110,32
2024-02-27 19:40,88,40
2024-02-27 19:50,65,48
2024-02-27 20:00,43,56
2024-02-27 20:10,21,64
2024-02-27 20:20,16,54
2024-02-27 20:30,18,57
2024-02-27 20:40,19,60
2024-02-27 20:50,16,66
2024-02-27 21:00,13,72
2024-02-27 21:10,10,78
2024-02-27 21:20,14,50
2024-02-27 21:30,16,49
2024-02-27 21:40,18,48
2024-02-27 21:50,20,55
2024-02-27 22:00,21,62
2024-02-27 22:10,20,63
2024-02-27 22:20,20,63
2024-02-27 22:30,19,63
2024-02-27 22:40,16,48
2024-02-27 22:50,16,49
2024-02-27 23:00,16,50
2024-02-27 23:10,16,51
2024-02-27 23:20,17,52
2024-02-27 23:30,17,53
2024-02-27 23:40,17,54
2024-02-27 23:50,17,56
2024-02-28 00:00,15,57
2024-02-28 00:10,14,59
2024-02-28 00:20,12,60
2024-02-28 00:30,15,63
2024-02-28 00:40,20,55
2024-02-28 00:50,26,46
2024-02-28 01:00,26,47
2024-02-28 01:10,25,48
2024-02-28 01:20,25,49
2024-02-28 01:30,25,49
2024-02-28 01:40,24,50
2024-02-28 01:50,24,51
2024-02-28 02:00,24,52
2024-02-28 02:10,23,53
2024-02-28 02:20,23,54
2024-02-28 02:30,22,55
2024-02-28 02:40,22,55
2024-02-28 02:50,22,56
2024-02-28 03:00,21,57
2024-02-28 03:10,21,58
2024-02-28 03:20,21,59
2024-02-28 03:30,20,60
2024-02-28 03:40,20,60
2024-02-28 03:50,20,61
2024-02-28 04:00,20,62
2024-02-28 04:10,20,63
2024-02-28 04:20,20,64
2024-02-28 04:30,20,65
2024-02-28 04:40,20,66
2024-02-28 04:50,20,67
2024-02-28 05:00,20,68
2024-02-28 05:10,17,65
2024-02-28 05:20,14,62
2024-02-28 05:30,16,61
2024-02-28 05:40,17,60
2024-02-28 05:50,19,59
2024-02-28 06:00,21,58
2024-02-28 06:10,22,56
2024-02-28 06:20,24,55
2024-02-28 06:30,37,50
2024-02-28 06:40,50,45
2024-02-28 06:50,63,39
2024-02-28 07:00,76,34
2024-02-28 07:10,90,29
2024-02-28 07:20,103,24
2024-02-28 07:30,116,19
2024-02-28 07:40,129,13
2024-02-28 07:50,139,13
2024-02-28 08:00,149,12
2024-02-28 08:10,159,12
2024-02-28 08:20,169,11
2024-02-28 08:30,179,11
2024-02-28 08:40,189,10
2024-02-28 08:50,225,17
2024-02-28 09:00,175,16
2024-02-28 09:10,153,21
2024-02-28 09:20,131,25
2024-02-28 09:30,109,29
2024-02-28 09:40,87,34
2024-02-28 09:50,65,38
2024-02-28 10:00,42,43
2024-02-28 10:10,45,40
2024-02-28 10:20,48,38
2024-02-28 10:30,51,36
2024-02-28 10:40,54,33
2024-02-28 10:50,57,31
2024-02-28 11:00,59,29
2024-02-28 11:10,62,26
2024-02-28 11:20,65,24
2024-02-28 11:30,68,22
2024-02-28 11:40,71,20
2024-02-28 11:50,73,17
2024-02-28 12:00,76,15
2024-02-28 12:10,79,13
2024-02-28 12:20,77,14
2024-02-28 12:30,74,16
2024-02-28 12:40,72,18
2024-02-28 12:50,69,20
2024-02-28 13:00,67,22
2024-02-28 13:10,63,23
2024-02-28 13:20,59,25
2024-02-28 13:30,55,26
2024-02-28 13:40,51,27
2024-02-28 13:50,47,28
2024-02-28 14:00,43,30
2024-02-28 14:10,63,36
2024-02-28 14:20,45,50
2024-02-28 14:30,47,43
2024-02-28 14:40,50,36
2024-02-28 14:50,52,30
2024-02-28 15:00,54,23
2024-02-28 15:10,53,25
2024-02-28 15:20,51,27
2024-02-28 15:30,50,30
2024-02-28 15:40,48,32
2024-02-28 15:50,47,34
2024-02-28 16:00,46,37
2024-02-28 16:10,44,39
2024-02-28 16:20,43,41
2024-02-28 16:30,41,43
2024-02-28 16:40,40,46
2024-02-28 16:50,31,50
2024-02-28 17:00,53,40
2024-02-28 17:10,75,30
2024-02-28 17:20,97,20
2024-02-28 17:30,119,10
2024-02-28 17:40,126,15
2024-02-28 17:50,133,19
2024-02-28 18:00,140,24
2024-02-28 18:10,147,29
2024-02-28 18:20,154,34
2024-02-28 18:30,161,38
2024-02-28 18:40,172,36
2024-02-28 18:50,183,34
2024-02-28 19:00,194,32
2024-02-28 19:10,206,30
2024-02-28 19:20,217,28
2024-02-28 19:30,228,26
2024-02-28 19:40,239,24
2024-02-28 19:50,250,22
2024-02-28 20:00,19,41
2024-02-28 20:10,18,43
2024-02-28 20:20,16,45
2024-02-28 20:30,15,47
2024-02-28 20:40,13,49
2024-02-28 20:50,12,51
2024-02-28 21:00,10,53
2024-02-28 21:10,9,55
2024-02-28 21:20,10,60
2024-02-28 21:30,10,66
2024-02-28 21:40,9,58
2024-02-28 21:50,14,53
2024-02-28 22:00,20,48
2024-02-28 22:10,25,43
2024-02-28 22:20,19,48
2024-02-28 22:30,13,53
2024-02-28 22:40,14,57
2024-02-28 22:50,15,61
2024-02-28 23:00,16,65
2024-02-28 23:10,17,44
2024-02-28 23:20,17,46
2024-02-28 23:30,17,48
2024-02-28 23:40,17,50
2024-02-28 23:50,17,52
2024-02-29 00:00,18,55
2024-02-29 00:10,18,57
2024-02-29 00:20,18,59
2024-02-29 00:30,18,61
2024-02-29 00:40,18,63
2024-02-29 00:50,19,63
2024-02-29 01:00,20,62
2024-02-29 01:10,20,61
2024-02-29 01:20,21,60
2024-02-29 01:30,22,59
2024-02-29 01:40,23,59
2024-02-29 01:50,24,58
2024-02-29 02:00,24,57
2024-02-29 02:10,25,56
2024-02-29 02:20,26,55
2024-02-29 02:30,18,57
2024-02-29 02:40,18,57
2024-02-29 02:50,17,57
2024-02-29 03:00,17,57
2024-02-29 03:10,16,57
2024-02-29 03:20,16,58
2024-02-29 03:30,16,58
2024-02-29 03:40,15,58
2024-02-29 03:50,15,58
2024-02-29 04:00,15,58
2024-02-29 04:10,14,59
2024-02-29 04:20,14,59
2024-02-29 04:30,13,59
2024-02-29 04:40,13,59
2024-02-29 04:50,13,61
2024-02-29 05:00,14,64
2024-02-29 05:10,14,66
2024-02-29 05:20,14,68
2024-02-29 05:30,14,70
2024-02-29 05:40,15,72
2024-02-29 05:50,15,74
2024-02-29 06:00,16,70
2024-02-29 06:10,18,65
2024-02-29 06:20,19,61
2024-02-29 06:30,20,56
2024-02-29 06:40,30,53
2024-02-29 06:50,39,50
2024-02-29 07:00,48,47
2024-02-29 07:10,57,44
2024-02-29 07:20,66,41
2024-02-29 07:30,76,38
2024-02-29 07:40,85,35
2024-02-29 07:50,94,32
2024-02-29 08:00,103,29
2024-02-29 08:10,112,26
2024-02-29 08:20,122,23
2024-02-29 08:30,131,20
2024-02-29 08:40,140,17
2024-02-29 08:50,126,15
2024-02-29 09:00,111,12
2024-02-29 09:10,97,10
2024-02-29 09:20,88,16
2024-02-29 09:30,79,21
2024-02-29 09:40,69,27
2024-02-29 09:50,60,33
2024-02-29 10:00,51,38
2024-02-29 10:10,42,44
2024-02-29 10:20,33,49
2024-02-29 10:30,23,55
2024-02-29 10:40,14,61
2024-02-29 10:50,5,66
2024-02-29 11:00,88,18
2024-02-29 11:10,84,20
2024-02-29 11:20,80,21
2024-02-29 11:30,76,22
2024-02-29 11:40,72,23
2024-02-29 11:50,68,24
2024-02-29 12:00,64,26
2024-02-29 12:10,60,27
2024-02-29 12:20,62,26
2024-02-29 12:30,64,24
2024-02-29 12:40,66,23
2024-02-29 12:50,68,22
2024-02-29 13:00,71,21
2024-02-29 13:10,73,20
2024-02-29 13:20,75,19
2024-02-29 13:30,77,18
2024-02-29 13:40,79,17
2024-02-29 13:50,104,16
2024-02-29 14:00,105,16
2024-02-29 14:10,107,15
2024-02-29 14:20,108,15
2024-02-29 14:30,110,15
2024-02-29 14:40,111,15
2024-02-29 14:50,113,14
2024-02-29 15:00,115,14
2024-02-29 15:10,116,14
2024-02-29 15:20,118,14
2024-02-29 15:30,119,14
2024-02-29 15:40,121,13
2024-02-29 15:50,122,13
2024-02-29 16:00,124,13
2024-02-29 16:10,126,13
2024-02-29 16:20,127,12
2024-02-29 16:30,129,12
2024-02-29 16:40,130,12
2024-02-29 16:50,132,12
2024-02-29 17:00,134,11
2024-02-29 17:10,135,11
2024-02-29 17:20,137,11
2024-02-29 17:30,138,11
2024-02-29 17:40,140,10
2024-02-29 17:50,141,10
2024-02-29 18:00,143,10
2024-02-29 18:10,91,10
2024-02-29 18:20,108,10
2024-02-29 18:30,126,10
2024-02-29 18:40,143,10
2024-02-29 18:50,161,10
2024-02-29 19:00,178,10
2024-02-29 19:10,163,10
2024-02-29 19:20,147,10
2024-02-29 19:30,132,10
2024-02-29 19:40,158,11
2024-02-29 19:50,114,25
2024-02-29 20:00,69,39
2024-02-29 20:10,24,53
2024-02-29 20:20,24,53
2024-02-29 20:30,23,53
2024-02-29 20:40,23,53
2024-02-29 20:50,22,52
2024-02-29 21:00,22,52
2024-02-29 21:10,21,52
2024-02-29 21:20,21,52
2024-02-29 21:30,20,52
2024-02-29 21:40,20,51
2024-02-29 21:50,12,68
2024-02-29 22:00,21,63
2024-02-29 22:10,20,59
2024-02-29 22:20,18,55
2024-02-29 22:30,14,56
2024-02-29 22:40,10,57
2024-02-29 22:50,11,56
2024-02-29 23:00,12,55
2024-02-29 23:10,14,54
2024-02-29 23:20,15,53
2024-02-29 23:30,15,54
2024-02-29 23:40,14,56
2024-02-29 23:50,14,57
2024-03-01 00:00,13,59
2024-03-01 00:10,13,60
2024-03-01 00:20,13,62
2024-03-01 00:30,12,63
2024-03-01 00:40,12,65
2024-03-01 00:50,11,66
2024-03-01 01:00,11,68
2024-03-01 01:10,12,62
2024-03-01 01:20,12,57
2024-03-01 01:30,13,52
2024-03-01 01:40,16,46
2024-03-01 01:50,14,49
2024-03-01 02:00,12,52
2024-03-01 02:10,22,54
2024-03-01 02:20,19,54
2024-03-01 02:30,18,57
2024-03-01 02:40,17,61
2024-03-01 02:50,16,64
2024-03-01 03:00,16,68
2024-03-01 03:10,15,72
2024-03-01 03:20,14,75
2024-03-01 03:30,16,71
2024-03-01 03:40,19,67
2024-03-01 03:50,22,63
2024-03-01 04:00,24,59
2024-03-01 04:10,24,60
2024-03-01 04:20,24,60
2024-03-01 04:30,24,60
2024-03-01 04:40,23,61
2024-03-01 04:50,22,62
2024-03-01 05:00,21,63
2024-03-01 05:10,20,64
2024-03-01 05:20,19,65
2024-03-01 05:30,18,65
2024-03-01 05:40,17,66
2024-03-01 05:50,16,67
2024-03-01 06:00,18,75
2024-03-01 06:10,17,70
2024-03-01 06:20,16,65
2024-03-01 06:30,15,61
2024-03-01 06:40,14,56
2024-03-01 06:50,44,40
2024-03-01 07:00,73,25
2024-03-01 07:10,102,10
2024-03-01 07:20,110,10
2024-03-01 07:30,118,10
2024-03-01 07:40,126,10
2024-03-01 07:50,134,10
2024-03-01 08:00,142,10
2024-03-01 08:10,134,11
2024-03-01 08:20,125,11
2024-03-01 08:30,117,12
2024-03-01 08:40,115,13
2024-03-01 08:50,112,14
2024-03-01 09:00,110,14
2024-03-01 09:10,108,15
2024-03-01 09:20,105,16
2024-03-01 09:30,103,17
2024-03-01 09:40,101,18
2024-03-01 09:50,98,18
2024-03-01 10:00,96,19
2024-03-01 10:10,94,20
2024-03-01 10:20,91,21
2024-03-01 10:30,89,22
2024-03-01 10:40,87,22
2024-03-01 10:50,84,23
2024-03-01 11:00,82,24
2024-03-01 11:10,65,30
2024-03-01 11:20,67,30
2024-03-01 11:30,68,29
2024-03-01 11:40,70,29
2024-03-01 11:50,72,28
2024-03-01 12:00,74,27
2024-03-01 12:10,75,27
2024-03-01 12:20,77,26
2024-03-01 12:30,79,25
2024-03-01 12:40,81,25
2024-03-01 12:50,82,24
2024-03-01 13:00,84,23
2024-03-01 13:10,82,24
2024-03-01 13:20,80,24
2024-03-01 13:30,77,25
2024-03-01 13:40,75,25
2024-03-01 13:50,73,25
2024-03-01 14:00,71,26
2024-03-01 14:10,68,26
2024-03-01 14:20,66,27
2024-03-01 14:30,64,27
2024-03-01 14:40,62,28
2024-03-01 14:50,60,28
2024-03-01 15:00,57,28
2024-03-01 15:10,55,29
2024-03-01 15:20,53,29
2024-03-01 15:30,53,21
2024-03-01 15:40,62,20
2024-03-01 15:50,72,19
2024-03-01 16:00,81,18
2024-03-01 16:10,91,16
2024-03-01 16:20,100,15
2024-03-01 16:30,110,14
2024-03-01 16:40,119,13
2024-03-01 16:50,129,11
2024-03-01 17:00,138,10
2024-03-01 17:10,150,11
2024-03-01 17:20,163,12
2024-03-01 17:30,175,13
2024-03-01 17:40,188,14
2024-03-01 17:50,200,16
2024-03-01 18:00,212,17
2024-03-01 18:10,225,18
2024-03-01 18:20,237,19
2024-03-01 18:30,250,20
2024-03-01 18:40,262,21
2024-03-01 18:50,275,22
2024-03-01 19:00,287,23
2024-03-01 19:10,262,19
2024-03-01 19:20,236,14
2024-03-01 19:30,211,10
2024-03-01 19:40,187,15
2024-03-01 19:50,163,20
2024-03-01 20:00,139,25
2024-03-01 20:10,115,30
2024-03-01 20:20,91,34
2024-03-01 20:30,67,39
2024-03-01 20:40,43,44
2024-03-01 20:50,20,49
2024-03-01 21:00,19,51
2024-03-01 21:10,18,52
2024-03-01 21:20,17,53
2024-03-01 21:30,16,55
2024-03-01 21:40,15,56
2024-03-01 21:50,14,58
2024-03-01 22:00,16,59
2024-03-01 22:10,19,61
2024-03-01 22:20,18,54
2024-03-01 22:30,17,48
2024-03-01 22:40,16,42
2024-03-01 22:50,15,35
2024-03-01 23:00,14,44
2024-03-01 23:10,14,54
2024-03-01 23:20,17,51
2024-03-01 23:30,21,49
2024-03-01 23:40,24,47
2024-03-01 23:50,23,49
2024-03-02 00:00,22,51
2024-03-02 00:10,20,54
2024-03-02 00:20,19,56
2024-03-02 00:30,18,58
2024-03-02 00:40,17,61
2024-03-02 00:50,16,63
2024-03-02 01:00,15,65
2024-03-02 01:10,14,68
2024-03-02 01:20,12,70
2024-03-02 01:30,11,72
2024-03-02 01:40,10,75
2024-03-02 01:50,10,73
2024-03-02 02:00,10,71
2024-03-02 02:10,10,68
2024-03-02 02:20,9,66
2024-03-02 02:30,9,64
2024-03-02 02:40,9,62
2024-03-02 02:50,9,62
2024-03-02 03:00,9,62
2024-03-02 03:10,9,62
2024-03-02 03:20,9,62
2024-03-02 03:30,8,62
2024-03-02 03:40,8,62
2024-03-02 03:50,8,62
2024-03-02 04:00,8,62
2024-03-02 04:10,8,62
2024-03-02 04:20,9,73
2024-03-02 04:30,10,70
2024-03-02 04:40,10,66
2024-03-02 04:50,11,63
2024-03-02 05:00,11,60
2024-03-02 05:10,12,56
2024-03-02 05:20,12,56
2024-03-02 05:30,12,57
2024-03-02 05:40,13,57
2024-03-02 05:50,13,57
2024-03-02 06:00,13,57
2024-03-02 06:10,18,53
2024-03-02 06:20,24,49
2024-03-02 06:30,29,45
2024-03-02 06:40,34,42
2024-03-02 06:50,39,38
2024-03-02 07:00,45,34
2024-03-02 07:10,50,30
2024-03-02 07:20,49,29
2024-03-02 07:30,49,28
2024-03-02 07:40,48,27
2024-03-02 07:50,48,26
2024-03-02 08:00,47,24
2024-03-02 08:10,48,17
2024-03-02 08:20,42,19
2024-03-02 08:30,37,20
2024-03-02 08:40,38,25
2024-03-02 08:50,39,30
2024-03-02 09:00,40,34
2024-03-02 09:10,53,29
2024-03-02 09:20,53,30
2024-03-02 09:30,53,31
2024-03-02 09:40,53,32
2024-03-02 09:50,54,33
2024-03-02 10:00,54,34
2024-03-02 10:10,54,35
2024-03-02 10:20,54,36
2024-03-02 10:30,54,36
2024-03-02 10:40,54,37
2024-03-02 10:50,54,38
2024-03-02 11:00,55,39
2024-03-02 11:10,55,40
2024-03-02 11:20,55,41
2024-03-02 11:30,55,42
2024-03-02 11:40,60,39
2024-03-02 11:50,65,36
2024-03-02 12:00,42,26
2024-03-02 12:10,41,29
2024-03-02 12:20,41,32
2024-03-02 12:30,40,34
2024-03-02 12:40,39,37
2024-03-02 12:50,38,40
2024-03-02 13:00,38,42
2024-03-02 13:10,37,45
2024-03-02 13:20,36,47
2024-03-02 13:30,36,50
2024-03-02 13:40,35,53
2024-03-02 13:50,38,50
2024-03-02 14:00,41,47
2024-03-02 14:10,44,44
2024-03-02 14:20,48,41
2024-03-02 14:30,51,38
2024-03-02 14:40,54,36
2024-03-02 14:50,35,28
2024-03-02 15:00,35,31
2024-03-02 15:10,34,34
2024-03-02 15:20,34,36
2024-03-02 15:30,34,39
2024-03-02 15:40,39,36
2024-03-02 15:50,43,33
2024-03-02 16:00,48,31
2024-03-02 16:10,52,28
2024-03-02 16:20,57,25
2024-03-02 16:30,62,22
2024-03-02 16:40,66,19
2024-03-02 16:50,71,16
2024-03-02 17:00,75,13
2024-03-02 17:10,80,10
2024-03-02 17:20,79,10
2024-03-02 17:30,78,10
2024-03-02 17:40,77,10
2024-03-02 17:50,75,10
2024-03-02 18:00,74,10
2024-03-02 18:10,73,10
2024-03-02 18:20,72,10
2024-03-02 18:30,67,14
2024-03-02 18:40,63,18
2024-03-02 18:50,58,23
2024-03-02 19:00,53,27
2024-03-02 19:10,48,31
2024-03-02 19:20,44,35
2024-03-02 19:30,39,40
2024-03-02 19:40,34,44
2024-03-02 19:50,30,48
2024-03-02 20:00,25,52
2024-03-02 20:10,20,56
2024-03-02 20:20,15,61
2024-03-02 20:30,11,65
2024-03-02 20:40,6,69
2024-03-02 20:50,7,68
2024-03-02 21:00,9,67
2024-03-02 21:10,10,66
2024-03-02 21:20,12,65
2024-03-02 21:30,13,64
2024-03-02 21:40,12,62
2024-03-02 21:50,12,61
2024-03-02 22:00,12,60
2024-03-02 22:10,11,59
2024-03-02 22:20,12,59
2024-03-02 22:30,14,59
2024-03-02 22:40,15,59
2024-03-02 22:50,16,59
2024-03-02 23:00,16,56
2024-03-02 23:10,15,53
2024-03-02 23:20,14,50
2024-03-02 23:30,14,47
2024-03-02 23:40,14,50
2024-03-02 23:50,14,53
2024-03-03 00:00,13,57
2024-03-03 00:10,13,60
2024-03-03 00:20,13,61
2024-03-03 00:30,13,62
2024-03-03 00:40,13,63
2024-03-03 00:50,13,64
2024-03-03 01:00,13,66
2024-03-03 01:10,13,67
2024-03-03 01:20,12,68
2024-03-03 01:30,12,69
2024-03-03 01:40,12,70
2024-03-03 01:50,12,71
2024-03-03 02:00,12,73
2024-03-03 02:10,12,74
2024-03-03 02:20,12,75
2024-03-03 02:30,10,71
2024-03-03 02:40,9,66
2024-03-03 02:50,7,62
2024-03-03 03:00,10,67
2024-03-03 03:10,11,66
2024-03-03 03:20,12,66
2024-03-03 03:30,12,66
2024-03-03 03:40,13,65
2024-03-03 03:50,20,52
2024-03-03 04:00,19,54
2024-03-03 04:10,18,57
2024-03-03 04:20,16,60
2024-03-03 04:30,15,62
2024-03-03 04:40,15,62
2024-03-03 04:50,14,62
2024-03-03 05:00,14,61
2024-03-03 05:10,13,61
2024-03-03 05:20,13,61
2024-03-03 05:30,13,63
2024-03-03 05:40,12,66
2024-03-03 05:50,12,69
2024-03-03 06:00,11,71
2024-03-03 06:10,11,74
2024-03-03 06:20,13,72
2024-03-03 06:30,15,71
2024-03-03 06:40,12,65
2024-03-03 06:50,10,59
2024-03-03 07:00,18,46
2024-03-03 07:10,26,33
2024-03-03 07:20,34,21
2024-03-03 07:30,33,21
2024-03-03 07:40,33,21
2024-03-03 07:50,32,22
2024-03-03 08:00,31,22
2024-03-03 08:10,30,23
2024-03-03 08:20,30,23
2024-03-03 08:30,29,23
2024-03-03 08:40,28,24
2024-03-03 08:50,28,24
2024-03-03 09:00,27,25
2024-03-03 09:10,26,27
2024-03-03 09:20,24,29
2024-03-03 09:30,23,31
2024-03-03 09:40,21,33
2024-03-03 09:50,20,35
2024-03-03 10:00,31,46
2024-03-03 10:10,23,35
2024-03-03 10:20,27,34
2024-03-03 10:30,30,33
2024-03-03 10:40,34,32
2024-03-03 10:50,38,31
2024-03-03 11:00,42,30
2024-03-03 11:10,46,29
2024-03-03 11:20,49,28
2024-03-03 11:30,53,27
2024-03-03 11:40,49,28
2024-03-03 11:50,46,28
2024-03-03 12:00,42,29
2024-03-03 12:10,34,44
2024-03-03 12:20,41,38
2024-03-03 12:30,49,32
2024-03-03 12:40,56,27
2024-03-03 12:50,52,29
2024-03-03 13:00,48,32
2024-03-03 13:10,44,34
2024-03-03 13:20,40,36
2024-03-03 13:30,36,39
2024-03-03 13:40,32,41
2024-03-03 13:50,28,44
2024-03-03 14:00,24,46
2024-03-03 14:10,20,49
2024-03-03 14:20,35,36
2024-03-03 14:30,35,44
2024-03-03 14:40,35,43
2024-03-03 14:50,35,43
2024-03-03 15:00,36,43
2024-03-03 15:10,36,42
2024-03-03 15:20,36,42
2024-03-03 15:30,36,41
2024-03-03 15:40,29,36
2024-03-03 15:50,22,30
2024-03-03 16:00,26,28
2024-03-03 16:10,29,25
2024-03-03 16:20,33,23
2024-03-03 16:30,37,21
2024-03-03 16:40,40,19
2024-03-03 16:50,44,17
2024-03-03 17:00,48,14
2024-03-03 17:10,51,12
2024-03-03 17:20,55,10
2024-03-03 17:30,74,12
2024-03-03 17:40,94,13
2024-03-03 17:50,85,12
2024-03-03 18:00,77,11
2024-03-03 18:10,68,10
2024-03-03 18:20,63,15
2024-03-03 18:30,59,20
2024-03-03 18:40,54,24
2024-03-03 18:50,49,29
2024-03-03 19:00,45,34
2024-03-03 19:10,40,39
2024-03-03 19:20,36,44
2024-03-03 19:30,31,49
2024-03-03 19:40,26,53
2024-03-03 19:50,22,58
2024-03-03 20:00,17,63
2024-03-03 20:10,12,52
2024-03-03 20:20,11,55
2024-03-03 20:30,11,58
2024-03-03 20:40,10,60
2024-03-03 20:50,10,63
2024-03-03 21:00,9,66
2024-03-03 21:10,9,64
2024-03-03 21:20,9,62
2024-03-03 21:30,14,65
2024-03-03 21:40,11,63
2024-03-03 21:50,8,61
2024-03-03 22:00,6,69
2024-03-03 22:10,13,61
2024-03-03 22:20,19,53
2024-03-03 22:30,17,56
2024-03-03 22:40,15,59
2024-03-03 22:50,14,64
2024-03-03 23:00,13,70
2024-03-03 23:10,12,75
2024-03-03 23:20,12,67
2024-03-03 23:30,12,59
2024-03-03 23:40,12,51
2024-03-03 23:50,12,42
2024-03-04 00:00,5,70
2024-03-04 00:10,11,60
2024-03-04 00:20,14,61
2024-03-04 00:30,18,62
2024-03-04 00:40,22,63
2024-03-04 00:50,25,64
2024-03-04 01:00,23,61
2024-03-04 01:10,21,58
2024-03-04 01:20,19,54
2024-03-04 01:30,23,57
2024-03-04 01:40,27,60
2024-03-04 01:50,31,63
2024-03-04 02:00,29,63
2024-03-04 02:10,27,64
2024-03-04 02:20,24,64
2024-03-04 02:30,22,64
2024-03-04 02:40,20,64
2024-03-04 02:50,18,64
2024-03-04 03:00,16,64
2024-03-04 03:10,14,64
2024-03-04 03:20,13,64
2024-03-04 03:30,13,64
2024-03-04 03:40,13,64
2024-03-04 03:50,13,64
2024-03-04 04:00,13,64
2024-03-04 04:10,13,64
2024-03-04 04:20,13,63
2024-03-04 04:30,13,63
2024-03-04 04:40,13,63
2024-03-04 04:50,13,63
2024-03-04 05:00,13,63
2024-03-04 05:10,13,63
2024-03-04 05:20,12,63
2024-03-04 05:30,12,63
2024-03-04 05:40,12,63
2024-03-04 05:50,12,63
2024-03-04 06:00,12,62
2024-03-04 06:10,12,62
2024-03-04 06:20,12,62
2024-03-04 06:30,25,57
2024-03-04 06:40,38,52
2024-03-04 06:50,51,47
2024-03-04 07:00,64,42
2024-03-04 07:10,77,38
2024-03-04 07:20,90,33
2024-03-04 07:30,103,28
2024-03-04 07:40,116,23
2024-03-04 07:50,122,22
2024-03-04 08:00,129,21
2024-03-04 08:10,135,21
2024-03-04 08:20,142,20
2024-03-04 08:30,148,19
2024-03-04 08:40,155,19
2024-03-04 08:50,161,18
2024-03-04 09:00,168,17
2024-03-04 09:10,174,16
2024-03-04 09:20,124,10
2024-03-04 09:30,129,11
2024-03-04 09:40,134,12
2024-03-04 09:50,107,20
2024-03-04 10:00,79,28
2024-03-04 10:10,52,36
2024-03-04 10:20,51,37
2024-03-04 10:30,50,38
2024-03-04 10:40,50,39
2024-03-04 10:50,49,41
2024-03-04 11:00,61,36
2024-03-04 11:10,72,32
2024-03-04 11:20,84,27
2024-03-04 11:30,77,31
2024-03-04 11:40,80,31
2024-03-04 11:50,84,30
2024-03-04 12:00,87,30
2024-03-04 12:10,77,27
2024-03-04 12:20,71,26
2024-03-04 12:30,65,24
2024-03-04 12:40,59,23
2024-03-04 12:50,66,21
2024-03-04 13:00,73,19
2024-03-04 13:10,80,17
2024-03-04 13:20,87,15
2024-03-04 13:30,94,13
2024-03-04 13:40,82,21
2024-03-04 13:50,71,29
2024-03-04 14:00,66,34
2024-03-04 14:10,61,39
2024-03-04 14:20,56,44
2024-03-04 14:30,51,49
2024-03-04 14:40,45,33
2024-03-04 14:50,39,50
2024-03-04 15:00,53,38
2024-03-04 15:10,44,40
2024-03-04 15:20,35,42
2024-03-04 15:30,30,41
2024-03-04 15:40,26,40
2024-03-04 15:50,45,37
2024-03-04 16:00,64,33
2024-03-04 16:10,83,30
2024-03-04 16:20,102,27
2024-03-04 16:30,121,23
2024-03-04 16:40,140,20
2024-03-04 16:50,159,16
2024-03-04 17:00,178,13
2024-03-04 17:10,160,16
2024-03-04 17:20,161,15
2024-03-04 17:30,162,14
2024-03-04 17:40,164,13
2024-03-04 17:50,165,12
2024-03-04 18:00,166,11
2024-03-04 18:10,167,10
2024-03-04 18:20,178,14
2024-03-04 18:30,190,17
2024-03-04 18:40,180,18
2024-03-04 18:50,169,18
2024-03-04 19:00,159,18
2024-03-04 19:10,166,20
2024-03-04 19:20,173,22
2024-03-04 19:30,180,24
2024-03-04 19:40,140,33
2024-03-04 19:50,99,41
2024-03-04 20:00,58,49
2024-03-04 20:10,18,58
2024-03-04 20:20,17,59
2024-03-04 20:30,16,60
2024-03-04 20:40,15,61
2024-03-04 20:50,14,62
2024-03-04 21:00,13,63
2024-03-04 21:10,19,62
2024-03-04 21:20,18,62
2024-03-04 21:30,17,62
2024-03-04 21:40,16,62
2024-03-04 21:50,15,62
2024-03-04 22:00,15,62
2024-03-04 22:10,14,62
2024-03-04 22:20,13,62
2024-03-04 22:30,12,62
2024-03-04 22:40,11,62
2024-03-04 22:50,13,61
2024-03-04 23:00,15,59
2024-03-04 23:10,17,57
2024-03-04 23:20,17,58
2024-03-04 23:30,16,59
2024-03-04 23:40,16,60
2024-03-04 23:50,16,61
2024-03-05 00:00,16,63
2024-03-05 00:10,15,64
2024-03-05 00:20,15,65
2024-03-05 00:30,16,61
2024-03-05 00:40,17,57
2024-03-05 00:50,18,53
2024-03-05 01:00,19,49
2024-03-05 01:10,20,45
2024-03-05 01:20,18,46
2024-03-05 01:30,16,47
2024-03-05 01:40,14,48
2024-03-05 01:50,11,48
2024-03-05 02:00,9,49
2024-03-05 02:10,7,50
2024-03-05 02:20,11,46
2024-03-05 02:30,14,43
2024-03-05 02:40,18,40
2024-03-05 02:50,22,36
2024-03-05 03:00,21,37
2024-03-05 03:10,21,38
2024-03-05 03:20,20,39
2024-03-05 03:30,20,40
2024-03-05 03:40,19,41
2024-03-05 03:50,18,42
2024-03-05 04:00,18,42
2024-03-05 04:10,17,43
2024-03-05 04:20,16,44
2024-03-05 04:30,16,45
2024-03-05 04:40,15,46
2024-03-05 04:50,14,47
2024-03-05 05:00,14,48
2024-03-05 05:10,13,48
2024-03-05 05:20,13,49
2024-03-05 05:30,12,50
2024-03-05 05:40,14,63
2024-03-05 05:50,16,76
2024-03-05 06:00,17,70
2024-03-05 06:10,18,64
2024-03-05 06:20,19,58
2024-03-05 06:30,22,46
2024-03-05 06:40,68,34
2024-03-05 06:50,114,22
2024-03-05 07:00,160,10
2024-03-05 07:10,152,10
2024-03-05 07:20,144,10
2024-03-05 07:30,135,10
2024-03-05 07:40,127,10
2024-03-05 07:50,157,14
2024-03-05 08:00,187,18
2024-03-05 08:10,170,13
2024-03-05 08:20,161,15
2024-03-05 08:30,151,16
2024-03-05 08:40,142,18
2024-03-05 08:50,133,20
2024-03-05 09:00,124,21
2024-03-05 09:10,114,23
2024-03-05 09:20,105,25
2024-03-05 09:30,96,27
2024-03-05 09:40,86,28
2024-03-05 09:50,77,30
2024-03-05 10:00,68,32
2024-03-05 10:10,59,34
2024-03-05 10:20,49,35
2024-03-05 10:30,40,37
2024-03-05 10:40,54,29
2024-03-05 10:50,68,21
2024-03-05 11:00,69,22
2024-03-05 11:10,70,22
2024-03-05 11:20,70,23
2024-03-05 11:30,71,23
2024-03-05 11:40,72,24
2024-03-05 11:50,73,24
2024-03-05 12:00,74,25
2024-03-05 12:10,74,25
2024-03-05 12:20,75,26
2024-03-05 12:30,76,26
2024-03-05 12:40,64,29
2024-03-05 12:50,49,35
2024-03-05 13:00,35,41
2024-03-05 13:10,20,46
2024-03-05 13:20,34,36
2024-03-05 13:30,47,27
2024-03-05 13:40,61,17
2024-03-05 13:50,61,20
2024-03-05 14:00,60,24
2024-03-05 14:10,60,27
2024-03-05 14:20,62,28
2024-03-05 14:30,64,29
2024-03-05 14:40,65,29
2024-03-05 14:50,67,30
2024-03-05 15:00,69,30
2024-03-05 15:10,70,31
2024-03-05 15:20,72,32
2024-03-05 15:30,74,32
2024-03-05 15:40,70,35
2024-03-05 15:50,67,38
2024-03-05 16:00,63,40
2024-03-05 16:10,59,43
2024-03-05 16:20,55,46
2024-03-05 16:30,52,48
2024-03-05 16:40,48,51
2024-03-05 16:50,80,34
2024-03-05 17:00,111,18
2024-03-05 17:10,137,20
2024-03-05 17:20,136,18
2024-03-05 17:30,136,15
2024-03-05 17:40,136,13
2024-03-05 17:50,135,10
2024-03-05 18:00,153,15
2024-03-05 18:10,155,14
2024-03-05 18:20,157,13
2024-03-05 18:30,159,12
2024-03-05 18:40,161,11
2024-03-05 18:50,163,10
2024-03-05 19:00,167,11
2024-03-05 19:10,171,12
2024-03-05 19:20,161,15
2024-03-05 19:30,151,17
2024-03-05 19:40,141,19
2024-03-05 19:50,131,21
2024-03-05 20:00,120,24
2024-03-05 20:10,108,27
2024-03-05 20:20,97,30
2024-03-05 20:30,86,33
2024-03-05 20:40,74,36
2024-03-05 20:50,63,39
2024-03-05 21:00,52,42
2024-03-05 21:10,41,45
2024-03-05 21:20,29,47
2024-03-05 21:30,18,50
2024-03-05 21:40,22,52
2024-03-05 21:50,26,53
2024-03-05 22:00,26,55
2024-03-05 22:10,27,57
2024-03-05 22:20,25,57
2024-03-05 22:30,24,57
2024-03-05 22:40,22,57
2024-03-05 22:50,21,57
2024-03-05 23:00,19,57
2024-03-05 23:10,18,57
2024-03-05 23:20,16,57
2024-03-05 23:30,14,57
2024-03-05 23:40,13,57
2024-03-05 23:50,11,57
2024-03-06 00:00,10,57
2024-03-06 00:10,8,57
2024-03-06 00:20,14,54
2024-03-06 00:30,20,52
2024-03-06 00:40,19,53
2024-03-06 00:50,18,54
2024-03-06 01:00,16,55
2024-03-06 01:10,15,56
2024-03-06 01:20,14,57
2024-03-06 01:30,13,58
2024-03-06 01:40,12,60
2024-03-06 01:50,11,61
2024-03-06 02:00,9,62
2024-03-06 02:10,8,63
2024-03-06 02:20,7,64
2024-03-06 02:30,9,63
2024-03-06 02:40,10,62
2024-03-06 02:50,12,62
2024-03-06 03:00,14,61
2024-03-06 03:10,16,60
2024-03-06 03:20,17,59
2024-03-06 03:30,19,58
2024-03-06 03:40,19,56
2024-03-06 03:50,20,54
2024-03-06 04:00,20,51
2024-03-06 04:10,20,53
2024-03-06 04:20,21,55
2024-03-06 04:30,21,57
2024-03-06 04:40,22,59
2024-03-06 04:50,22,60
2024-03-06 05:00,30,57
2024-03-06 05:10,38,54
2024-03-06 05:20,46,51
2024-03-06 05:30,54,48
2024-03-06 05:40,62,45
2024-03-06 05:50,70,42
2024-03-06 06:00,77,40
2024-03-06 06:10,85,37
2024-03-06 06:20,93,34
2024-03-06 06:30,101,31
2024-03-06 06:40,109,28
2024-03-06 06:50,117,25
2024-03-06 07:00,125,22
2024-03-06 07:10,138,22
2024-03-06 07:20,152,23
2024-03-06 07:30,165,23
2024-03-06 07:40,154,22
2024-03-06 07:50,141,18
2024-03-06 08:00,129,14
2024-03-06 08:10,116,10
2024-03-06 08:20,133,10
2024-03-06 08:30,151,10
2024-03-06 08:40,168,11
2024-03-06 08:50,162,12
2024-03-06 09:00,157,13
2024-03-06 09:10,151,15
2024-03-06 09:20,146,16
2024-03-06 09:30,140,17
2024-03-06 09:40,135,19
2024-03-06 09:50,129,20
2024-03-06 10:00,124,21
2024-03-06 10:10,118,23
2024-03-06 10:20,112,24
2024-03-06 10:30,107,25
2024-03-06 10:40,101,27
2024-03-06 10:50,96,28
2024-03-06 11:00,90,29
2024-03-06 11:10,85,31
2024-03-06 11:20,79,32
2024-03-06 11:30,66,29
2024-03-06 11:40,54,26
2024-03-06 11:50,54,26
2024-03-06 12:00,54,26
2024-03-06 12:10,54,27
2024-03-06 12:20,55,27
2024-03-06 12:30,55,27
2024-03-06 12:40,55,28
2024-03-06 12:50,55,28
2024-03-06 13:00,52,35
2024-03-06 13:10,58,33
2024-03-06 13:20,64,32
2024-03-06 13:30,70,30
2024-03-06 13:40,67,32
2024-03-06 13:50,63,34
2024-03-06 14:00,60,36
2024-03-06 14:10,57,38
2024-03-06 14:20,53,39
2024-03-06 14:30,50,41
2024-03-06 14:40,47,43
2024-03-06 14:50,43,45
2024-03-06 15:00,40,47
2024-03-06 15:10,36,46
2024-03-06 15:20,31,46
2024-03-06 15:30,35,43
2024-03-06 15:40,38,41
2024-03-06 15:50,42,39
2024-03-06 16:00,46,36
2024-03-06 16:10,50,34
2024-03-06 16:20,53,31
2024-03-06 16:30,57,29
2024-03-06 16:40,81,27
2024-03-06 16:50,105,24
2024-03-06 17:00,129,22
2024-03-06 17:10,153,19
2024-03-06 17:20,156,17
2024-03-06 17:30,134,17
2024-03-06 17:40,113,17
2024-03-06 17:50,120,17
2024-03-06 18:00,127,18
2024-03-06 18:10,135,18
2024-03-06 18:20,142,19
2024-03-06 18:30,149,20
2024-03-06 18:40,130,17
2024-03-06 18:50,112,14
2024-03-06 19:00,94,11
2024-03-06 19:10,107,11
2024-03-06 19:20,120,10
2024-03-06 19:30,133,10
2024-03-06 19:40,134,11
2024-03-06 19:50,136,12
2024-03-06 20:00,12,52
2024-03-06 20:10,11,53
2024-03-06 20:20,10,54
2024-03-06 20:30,9,55
2024-03-06 20:40,8,56
2024-03-06 20:50,7,57
2024-03-06 21:00,12,61
2024-03-06 21:10,17,66
2024-03-06 21:20,16,63
2024-03-06 21:30,14,61
2024-03-06 21:40,12,58
2024-03-06 21:50,11,56
2024-03-06 22:00,16,59
2024-03-06 22:10,20,57
2024-03-06 22:20,20,53
2024-03-06 22:30,20,50
2024-03-06 22:40,20,46
2024-03-06 22:50,8,56
2024-03-06 23:00,11,55
2024-03-06 23:10,14,54
2024-03-06 23:20,17,52
2024-03-06 23:30,20,51
2024-03-06 23:40,20,52
2024-03-06 23:50,21,53
2024-03-07 00:00,21,54
2024-03-07 00:10,21,55
2024-03-07 00:20,21,56
2024-03-07 00:30,22,57
2024-03-07 00:40,22,58
2024-03-07 00:50,21,52
2024-03-07 01:00,20,53
2024-03-07 01:10,19,53
2024-03-07 01:20,18,53
2024-03-07 01:30,18,53
2024-03-07 01:40,17,54
2024-03-07 01:50,16,54
2024-03-07 02:00,15,54
2024-03-07 02:10,14,55
2024-03-07 02:20,14,56
2024-03-07 02:30,14,58
2024-03-07 02:40,14,59
2024-03-07 02:50,14,61
2024-03-07 03:00,14,62
2024-03-07 03:10,14,64
2024-03-07 03:20,14,65
2024-03-07 03:30,18,57
2024-03-07 03:40,21,49
2024-03-07 03:50,22,53
2024-03-07 04:00,22,58
2024-03-07 04:10,22,58
2024-03-07 04:20,21,58
2024-03-07 04:30,21,58
2024-03-07 04:40,21,58
2024-03-07 04:50,20,58
2024-03-07 05:00,20,57
2024-03-07 05:10,19,57
2024-03-07 05:20,19,57
2024-03-07 05:30,19,57
2024-03-07 05:40,18,57
2024-03-07 05:50,18,57
2024-03-07 06:00,27,55
2024-03-07 06:10,35,52
2024-03-07 06:20,44,50
2024-03-07 06:30,52,48
2024-03-07 06:40,61,45
2024-03-07 06:50,70,43
2024-03-07 07:00,78,40
2024-03-07 07:10,87,38
2024-03-07 07:20,96,35
2024-03-07 07:30,104,33
2024-03-07 07:40,113,30
2024-03-07 07:50,121,28
2024-03-07 08:00,130,25
2024-03-07 08:10,131,26
2024-03-07 08:20,132,26
2024-03-07 08:30,133,26
2024-03-07 08:40,134,26
2024-03-07 08:50,135,27
2024-03-07 09:00,136,27
2024-03-07 09:10,137,27
2024-03-07 09:20,138,27
2024-03-07 09:30,139,27
2024-03-07 09:40,179,29
2024-03-07 09:50,219,30
2024-03-07 10:00,148,29
2024-03-07 10:10,77,29
2024-03-07 10:20,67,32
2024-03-07 10:30,57,36
2024-03-07 10:40,47,40
2024-03-07 10:50,37,43
2024-03-07 11:00,34,40
2024-03-07 11:10,32,38
2024-03-07 11:20,29,35
2024-03-07 11:30,26,32
2024-03-07 11:40,89,20
2024-03-07 11:50,72,23
2024-03-07 12:00,55,26
2024-03-07 12:10,38,29
2024-03-07 12:20,47,46
2024-03-07 12:30,67,20
2024-03-07 12:40,65,22
2024-03-07 12:50,61,23
2024-03-07 13:00,58,24
2024-03-07 13:10,54,26
2024-03-07 13:20,50,27
2024-03-07 13:30,47,28
2024-03-07 13:40,43,30
2024-03-07 13:50,40,31
2024-03-07 14:00,36,32
2024-03-07 14:10,39,35
2024-03-07 14:20,42,38
2024-03-07 14:30,46,40
2024-03-07 14:40,49,43
2024-03-07 14:50,42,42
2024-03-07 15:00,42,44
2024-03-07 15:10,42,47
2024-03-07 15:20,41,49
2024-03-07 15:30,41,52
2024-03-07 15:40,44,54
2024-03-07 15:50,48,57
2024-03-07 16:00,45,56
2024-03-07 16:10,42,56
2024-03-07 16:20,39,55
2024-03-07 16:30,36,55
2024-03-07 16:40,44,48
2024-03-07 16:50,52,41
2024-03-07 17:00,60,33
2024-03-07 17:10,68,26
2024-03-07 17:20,76,19
2024-03-07 17:30,84,12
2024-03-07 17:40,99,12
2024-03-07 17:50,113,12
2024-03-07 18:00,128,12
2024-03-07 18:10,142,12
2024-03-07 18:20,157,12
2024-03-07 18:30,172,12
2024-03-07 18:40,186,11
2024-03-07 18:50,201,11
2024-03-07 19:00,215,11
2024-03-07 19:10,230,11
2024-03-07 19:20,213,15
2024-03-07 19:30,196,18
2024-03-07 19:40,179,21
2024-03-07 19:50,162,25
2024-03-07 20:00,145,28
2024-03-07 20:10,128,32
2024-03-07 20:20,110,35
2024-03-07 20:30,93,38
2024-03-07 20:40,76,42
2024-03-07 20:50,59,45
2024-03-07 21:00,42,49
2024-03-07 21:10,25,52
2024-03-07 21:20,25,51
2024-03-07 21:30,24,49
2024-03-07 21:40,24,48
2024-03-07 21:50,24,47
2024-03-07 22:00,23,46
2024-03-07 22:10,23,44
2024-03-07 22:20,10,60
2024-03-07 22:30,10,59
2024-03-07 22:40,11,59
2024-03-07 22:50,11,58
2024-03-07 23:00,12,58
2024-03-07 23:10,12,58
2024-03-07 23:20,13,57
2024-03-07 23:30,13,57
2024-03-07 23:40,14,57
2024-03-07 23:50,14,56
2024-03-08 00:00,5,59
2024-03-08 00:10,10,53
2024-03-08 00:20,15,47
2024-03-08 00:30,20,42
2024-03-08 00:40,25,36
2024-03-08 00:50,22,45
2024-03-08 01:00,20,53
2024-03-08 01:10,17,62
2024-03-08 01:20,17,63
2024-03-08 01:30,17,64
2024-03-08 01:40,17,65
2024-03-08 01:50,17,66
2024-03-08 02:00,17,67
2024-03-08 02:10,17,68
2024-03-08 02:20,20,66
2024-03-08 02:30,23,64
2024-03-08 02:40,22,63
2024-03-08 02:50,22,62
2024-03-08 03:00,21,61
2024-03-08 03:10,20,60
2024-03-08 03:20,19,59
2024-03-08 03:30,19,58
2024-03-08 03:40,18,57
2024-03-08 03:50,17,57
2024-03-08 04:00,16,56
2024-03-08 04:10,16,56
2024-03-08 04:20,15,56
2024-03-08 04:30,14,55
2024-03-08 04:40,13,55
2024-03-08 04:50,13,55
2024-03-08 05:00,12,55
2024-03-08 05:10,11,54
2024-03-08 05:20,12,54
2024-03-08 05:30,14,53
2024-03-08 05:40,15,53
2024-03-08 05:50,16,52
2024-03-08 06:00,18,52
2024-03-08 06:10,19,51
2024-03-08 06:20,9,58
2024-03-08 06:30,9,60
2024-03-08 06:40,9,62
2024-03-08 06:50,24,56
2024-03-08 07:00,39,49
2024-03-08 07:10,54,43
2024-03-08 07:20,69,36
2024-03-08 07:30,84,30
2024-03-08 07:40,99,23
2024-03-08 07:50,114,17
2024-03-08 08:00,129,10
2024-03-08 08:10,136,11
2024-03-08 08:20,143,12
2024-03-08 08:30,149,14
2024-03-08 08:40,156,15
2024-03-08 08:50,163,16
2024-03-08 09:00,149,21
2024-03-08 09:10,136,25
2024-03-08 09:20,122,30
2024-03-08 09:30,109,34
2024-03-08 09:40,95,38
2024-03-08 09:50,82,43
2024-03-08 10:00,68,47
2024-03-08 10:10,55,52
2024-03-08 10:20,41,56
2024-03-08 10:30,51,52
2024-03-08 10:40,60,47
2024-03-08 10:50,70,43
2024-03-08 11:00,79,38
2024-03-08 11:10,89,34
2024-03-08 11:20,76,33
2024-03-08 11:30,63,32
2024-03-08 11:40,50,31
2024-03-08 11:50,50,32
2024-03-08 12:00,49,33
2024-03-08 12:10,49,34
2024-03-08 12:20,48,35
2024-03-08 12:30,48,36
2024-03-08 12:40,47,37
2024-03-08 12:50,47,38
2024-03-08 13:00,46,39
2024-03-08 13:10,46,40
2024-03-08 13:20,62,32
2024-03-08 13:30,77,24
2024-03-08 13:40,93,16
2024-03-08 13:50,70,18
2024-03-08 14:00,47,20
2024-03-08 14:10,47,23
2024-03-08 14:20,47,26
2024-03-08 14:30,47,28
2024-03-08 14:40,47,31
2024-03-08 14:50,47,34
2024-03-08 15:00,27,50
2024-03-08 15:10,36,48
2024-03-08 15:20,44,46
2024-03-08 15:30,53,44
2024-03-08 15:40,66,34
2024-03-08 15:50,78,25
2024-03-08 16:00,66,28
2024-03-08 16:10,54,31
2024-03-08 16:20,42,34
2024-03-08 16:30,30,37
2024-03-08 16:40,64,30
2024-03-08 16:50,98,24
2024-03-08 17:00,132,17
2024-03-08 17:10,166,10
2024-03-08 17:20,106,11
2024-03-08 17:30,45,12
2024-03-08 17:40,62,12
2024-03-08 17:50,80,11
2024-03-08 18:00,97,11
2024-03-08 18:10,114,10
2024-03-08 18:20,128,11
2024-03-08 18:30,143,12
2024-03-08 18:40,157,13
2024-03-08 18:50,151,14
2024-03-08 19:00,146,14
2024-03-08 19:10,140,14
2024-03-08 19:20,104,22
2024-03-08 19:30,115,18
2024-03-08 19:40,127,14
2024-03-08 19:50,138,10
2024-03-08 20:00,97,26
2024-03-08 20:10,55,42
2024-03-08 20:20,14,57
2024-03-08 20:30,15,56
2024-03-08 20:40,15,55
2024-03-08 20:50,16,53
2024-03-08 21:00,17,52
2024-03-08 21:10,18,50
2024-03-08 21:20,18,49
2024-03-08 21:30,19,48
2024-03-08 21:40,20,52
2024-03-08 21:50,20,56
2024-03-08 22:00,20,60
2024-03-08 22:10,21,64
2024-03-08 22:20,19,64
2024-03-08 22:30,18,63
2024-03-08 22:40,16,63
2024-03-08 22:50,15,62
2024-03-08 23:00,13,62
2024-03-08 23:10,12,61
2024-03-08 23:20,10,60
2024-03-08 23:30,9,60
2024-03-08 23:40,8,59
2024-03-08 23:50,6,58
2024-03-09 00:00,5,58
2024-03-09 00:10,10,56
2024-03-09 00:20,14,55
2024-03-09 00:30,19,53
2024-03-09 00:40,18,53
2024-03-09 00:50,17,54
2024-03-09 01:00,17,54
2024-03-09 01:10,16,54
2024-03-09 01:20,15,55
2024-03-09 01:30,14,55
2024-03-09 01:40,13,56
2024-03-09 01:50,13,56
2024-03-09 02:00,12,56
2024-03-09 02:10,11,57
2024-03-09 02:20,8,56
2024-03-09 02:30,6,55
2024-03-09 02:40,7,55
2024-03-09 02:50,8,55
2024-03-09 03:00,9,56
2024-03-09 03:10,9,56
2024-03-09 03:20,10,56
2024-03-09 03:30,11,56
2024-03-09 03:40,12,56
2024-03-09 03:50,12,56
2024-03-09 04:00,13,57
2024-03-09 04:10,13,58
2024-03-09 04:20,14,59
2024-03-09 04:30,14,60
2024-03-09 04:40,14,60
2024-03-09 04:50,15,61
2024-03-09 05:00,15,62
2024-03-09 05:10,11,74
2024-03-09 05:20,12,67
2024-03-09 05:30,13,61
2024-03-09 05:40,14,54
2024-03-09 05:50,13,53
2024-03-09 06:00,13,52
2024-03-09 06:10,13,51
2024-03-09 06:20,12,49
2024-03-09 06:30,12,48
2024-03-09 06:40,12,47
2024-03-09 06:50,15,42
2024-03-09 07:00,27,23
2024-03-09 07:10,18,34
2024-03-09 07:20,23,32
2024-03-09 07:30,27,31
2024-03-09 07:40,32,30
2024-03-09 07:50,37,29
2024-03-09 08:00,41,28
2024-03-09 08:10,46,26
2024-03-09 08:20,44,28
2024-03-09 08:30,43,29
2024-03-09 08:40,41,30
2024-03-09 08:50,39,31
2024-03-09 09:00,38,32
2024-03-09 09:10,36,33
2024-03-09 09:20,34,35
2024-03-09 09:30,33,36
2024-03-09 09:40,31,37
2024-03-09 09:50,30,38
2024-03-09 10:00,28,39
2024-03-09 10:10,26,41
2024-03-09 10:20,25,42
2024-03-09 10:30,23,43
2024-03-09 10:40,26,40
2024-03-09 10:50,29,37
2024-03-09 11:00,32,34
2024-03-09 11:10,35,30
2024-03-09 11:20,38,27
2024-03-09 11:30,41,24
2024-03-09 11:40,38,34
2024-03-09 11:50,36,44
2024-03-09 12:00,38,42
2024-03-09 12:10,41,41
2024-03-09 12:20,43,40
2024-03-09 12:30,45,38
2024-03-09 12:40,47,37
2024-03-09 12:50,50,36
2024-03-09 13:00,52,34
2024-03-09 13:10,52,33
2024-03-09 13:20,53,32
2024-03-09 13:30,48,36
2024-03-09 13:40,44,40
2024-03-09 13:50,40,44
2024-03-09 14:00,35,48
2024-03-09 14:10,32,41
2024-03-09 14:20,29,35
2024-03-09 14:30,26,29
2024-03-09 14:40,23,22
2024-03-09 14:50,26,29
2024-03-09 15:00,30,37
2024-03-09 15:10,33,44
2024-03-09 15:20,36,52
2024-03-09 15:30,24,40
2024-03-09 15:40,22,43
2024-03-09 15:50,19,45
2024-03-09 16:00,16,47
2024-03-09 16:10,14,50
2024-03-09 16:20,18,46
2024-03-09 16:30,23,42
2024-03-09 16:40,28,38
2024-03-09 16:50,32,34
2024-03-09 17:00,36,30
2024-03-09 17:10,41,26
2024-03-09 17:20,43,25
2024-03-09 17:30,44,24
2024-03-09 17:40,46,22
2024-03-09 17:50,47,21
2024-03-09 18:00,49,19
2024-03-09 18:10,50,18
2024-03-09 18:20,52,16
2024-03-09 18:30,53,15
2024-03-09 18:40,55,13
2024-03-09 18:50,58,13
2024-03-09 19:00,61,12
2024-03-09 19:10,64,12
2024-03-09 19:20,66,11
2024-03-09 19:30,69,11
2024-03-09 19:40,72,10
2024-03-09 19:50,59,19
2024-03-09 20:00,47,28
2024-03-09 20:10,34,37
2024-03-09 20:20,22,45
2024-03-09 20:30,9,54
2024-03-09 20:40,9,55
2024-03-09 20:50,9,55
2024-03-09 21:00,9,55
2024-03-09 21:10,10,55
2024-03-09 21:20,10,56
2024-03-09 21:30,10,56
2024-03-09 21:40,10,56
2024-03-09 21:50,10,56
2024-03-09 22:00,10,57
2024-03-09 22:10,10,57
2024-03-09 22:20,11,57
2024-03-09 22:30,11,57
2024-03-09 22:40,11,58
2024-03-09 22:50,11,58
2024-03-09 23:00,11,58
2024-03-09 23:10,11,59
2024-03-09 23:20,11,59
2024-03-09 23:30,12,59
2024-03-09 23:40,12,59
2024-03-09 23:50,12,60
2024-03-10 00:00,12,60
2024-03-10 00:10,12,60
2024-03-10 00:20,12,60
2024-03-10 00:30,12,61
2024-03-10 00:40,13,61
2024-03-10 00:50,13,61
2024-03-10 01:00,13,61
2024-03-10 01:10,13,62
2024-03-10 01:20,13,61
2024-03-10 01:30,13,60
2024-03-10 01:40,14,59
2024-03-10 01:50,14,58
2024-03-10 02:00,14,58
2024-03-10 02:10,14,57
2024-03-10 02:20,15,56
2024-03-10 02:30,15,55
2024-03-10 02:40,15,54
2024-03-10 02:50,18,63
2024-03-10 03:00,17,63
2024-03-10 03:10,16,63
2024-03-10 03:20,15,62
2024-03-10 03:30,14,62
2024-03-10 03:40,12,62
2024-03-10 03:50,11,62
2024-03-10 04:00,10,62
2024-03-10 04:10,9,61
2024-03-10 04:20,13,69
2024-03-10 04:30,12,68
2024-03-10 04:40,11,67
2024-03-10 04:50,11,66
2024-03-10 05:00,10,65
2024-03-10 05:10,9,64
2024-03-10 05:20,8,63
2024-03-10 05:30,7,62
2024-03-10 05:40,7,61
2024-03-10 05:50,6,60
2024-03-10 06:00,5,59
2024-03-10 06:10,7,60
2024-03-10 06:20,9,60
2024-03-10 06:30,8,62
2024-03-10 06:40,9,63
2024-03-10 06:50,13,57
2024-03-10 07:00,16,51
2024-03-10 07:10,20,45
2024-03-10 07:20,24,39
2024-03-10 07:30,27,32
2024-03-10 07:40,31,26
2024-03-10 07:50,34,20
2024-03-10 08:00,38,14
2024-03-10 08:10,42,17
2024-03-10 08:20,47,20
2024-03-10 08:30,51,23
2024-03-10 08:40,44,25
2024-03-10 08:50,38,28
2024-03-10 09:00,31,30
2024-03-10 09:10,24,33
2024-03-10 09:20,21,40
2024-03-10 09:30,18,46
2024-03-10 09:40,15,53
2024-03-10 09:50,12,60
2024-03-10 10:00,12,119
2024-03-10 10:10,9,118
2024-03-10 10:20,8,119
2024-03-10 10:30,8,118
2024-03-10 10:40,8,119
2024-03-10 10:50,8,119
2024-03-10 11:00,8,121
2024-03-10 11:10,8,120
2024-03-10 11:20,9,119
2024-03-10 11:30,9,120
2024-03-10 11:40,9,118
2024-03-10 11:50,9,118
2024-03-10 12:00,9,119
2024-03-10 12:10,9,119
2024-03-10 12:20,9,120
2024-03-10 12:30,9,120
2024-03-10 12:40,9,119
2024-03-10 12:50,8,121
2024-03-10 13:00,8,121
2024-03-10 13:10,8,119
2024-03-10 13:20,8,119
2024-03-10 13:30,8,119
2024-03-10 13:40,8,121
2024-03-10 13:50,7,120
2024-03-10 14:00,7,118
2024-03-10 14:10,7,119
2024-03-10 14:20,7,121
2024-03-10 14:30,7,118
2024-03-10 14:40,7,119
2024-03-10 14:50,7,120
2024-03-10 15:00,7,118
2024-03-10 15:10,7,120
2024-03-10 15:20,7,119
2024-03-10 15:30,7,120
2024-03-10 15:40,7,120
2024-03-10 15:50,7,118
2024-03-10 16:00,7,118
2024-03-10 16:10,7,121
2024-03-10 16:20,7,120
2024-03-10 16:30,7,122
2024-03-10 16:40,7,120
2024-03-10 16:50,7,119
2024-03-10 17:00,7,118
2024-03-10 17:10,7,120
2024-03-10 17:20,7,118
2024-03-10 17:30,7,118
2024-03-10 17:40,7,117
2024-03-10 17:50,7,119
2024-03-10 18:00,7,118
2024-03-10 18:10,7,120
2024-03-10 18:20,7,119
2024-03-10 18:30,7,120
2024-03-10 18:40,7,120
2024-03-10 18:50,7,119
2024-03-10 19:00,7,121
2024-03-10 19:10,7,119
2024-03-10 19:20,7,119
2024-03-10 19:30,7,121
2024-03-10 19:40,7,118
2024-03-10 19:50,7,120
2024-03-10 20:00,7,121
2024-03-10 20:10,7,119
2024-03-10 20:20,7,118
2024-03-10 20:30,7,120
2024-03-10 20:40,7,118
2024-03-10 20:50,7,119
2024-03-10 21:00,7,121
2024-03-10 21:10,7,120
2024-03-10 21:20,7,118
2024-03-10 21:30,7,119
2024-03-10 21:40,7,120
2024-03-10 21:50,7,119
2024-03-10 22:00,7,119
2024-03-10 22:10,7,120
2024-03-10 22:20,7,80
2024-03-10 22:30,,
